arch,artifact,policy,N,workload,app,seed,measure_s,tick_us,sched_jitter_us,dispatch_jitter_us,meals,throughput_s,mean_wait_ms,p50_wait_ms,p95_wait_ms,p99_wait_ms,max_wait_ms,jain,min_meals,max_meals,zero_workers,scheduler_ticks,guard_obligations,max_owed_age_ms
x86_64,result-ubuntu-24.04-N501-sleep-bursty,gfgrr,501,bursty,sleep,1,2.0,200,120,80,92574,46287.0,5.147,4.407812,12.137548,18.850783,47.824166,0.986476,149,231,0,1120,90184,38.764623
x86_64,result-ubuntu-24.04-N501-sleep-bursty,dguard,501,bursty,sleep,1,2.0,200,120,80,92120,46060.0,2.868491,1.565818,10.541711,19.091932,134.430227,0.994955,151,225,0,0,0,0.0
x86_64,result-ubuntu-24.04-N501-sleep-bursty,fifo,501,bursty,sleep,1,2.0,200,120,80,16200,8100.0,56.887138,55.727747,74.83923,82.613887,90.760232,0.99976,31,33,0,11318,0,0.0
x86_64,result-ubuntu-24.04-N501-sleep-bursty,waiter,501,bursty,sleep,1,2.0,200,120,80,142694,71347.0,1.203113,0.669534,3.947196,6.079102,14.656707,0.998887,258,306,0,0,0,0.0
x86_64,result-ubuntu-24.04-N501-sleep-bursty,agemwis,501,bursty,sleep,1,2.0,200,120,80,103287,51643.5,4.013668,3.715168,8.044727,10.325361,19.875619,0.99099,168,251,0,1301,0,0.0
x86_64,result-ubuntu-24.04-N501-sleep-bursty,gfgrr,501,bursty,sleep,2,2.0,200,120,80,102637,51318.5,4.067259,3.750634,8.322892,10.871001,23.593804,0.992046,168,258,0,1363,97938,18.162208
x86_64,result-ubuntu-24.04-N501-sleep-bursty,dguard,501,bursty,sleep,2,2.0,200,120,80,76263,38131.5,3.980293,2.104979,15.140197,29.111381,136.049393,0.970128,115,246,0,0,0,0.0
x86_64,result-ubuntu-24.04-N501-sleep-bursty,fifo,501,bursty,sleep,2,2.0,200,120,80,18787,9393.5,47.873051,47.687666,57.622969,60.419132,63.246049,0.9998,36,39,0,11641,0,0.0
x86_64,result-ubuntu-24.04-N501-sleep-bursty,waiter,501,bursty,sleep,2,2.0,200,120,80,142167,71083.5,1.24519,0.689531,4.112725,6.54032,20.32,0.999202,264,301,0,0,0,0.0
x86_64,result-ubuntu-24.04-N501-sleep-bursty,agemwis,501,bursty,sleep,2,2.0,200,120,80,108682,54341.0,3.533033,3.228709,7.185073,9.244311,18.146191,0.992951,177,270,0,1489,0,0.0
x86_64,result-ubuntu-24.04-N501-sleep-bursty,gfgrr,501,bursty,sleep,3,2.0,200,120,80,105370,52685.0,3.784558,3.493297,7.714341,9.848036,17.238204,0.993486,177,254,0,1459,99946,15.62171
x86_64,result-ubuntu-24.04-N501-sleep-bursty,dguard,501,bursty,sleep,3,2.0,200,120,80,84290,42145.0,3.366883,1.681391,12.971338,25.291385,129.811234,0.994736,141,216,0,0,0,0.0
x86_64,result-ubuntu-24.04-N501-sleep-bursty,fifo,501,bursty,sleep,3,2.0,200,120,80,18105,9052.5,49.466917,48.535637,61.738656,64.408684,67.701606,0.999756,35,37,0,11936,0,0.0
x86_64,result-ubuntu-24.04-N501-sleep-bursty,waiter,501,bursty,sleep,3,2.0,200,120,80,143937,71968.5,1.169704,0.646658,3.86486,5.963268,15.38361,0.999096,262,308,0,0,0,0.0
x86_64,result-ubuntu-24.04-N501-sleep-bursty,agemwis,501,bursty,sleep,3,2.0,200,120,80,109798,54899.0,3.402238,3.094824,6.983047,8.947287,16.172795,0.993516,182,262,0,1531,0,0.0
x86_64,result-ubuntu-24.04-N501-sleep-bursty,gfgrr,501,bursty,sleep,4,2.0,200,120,80,111232,55616.0,3.409267,3.117905,7.065623,9.115065,17.510728,0.995163,190,257,0,1614,104207,14.971374
x86_64,result-ubuntu-24.04-N501-sleep-bursty,dguard,501,bursty,sleep,4,2.0,200,120,80,86142,43071.0,3.396854,1.712058,13.058039,25.080337,206.339898,0.98158,128,234,0,0,0,0.0
x86_64,result-ubuntu-24.04-N501-sleep-bursty,fifo,501,bursty,sleep,4,2.0,200,120,80,19102,9551.0,46.877443,46.855723,55.597391,58.227945,61.617139,0.999794,37,39,0,11980,0,0.0
x86_64,result-ubuntu-24.04-N501-sleep-bursty,waiter,501,bursty,sleep,4,2.0,200,120,80,145416,72708.0,1.195168,0.665361,3.949737,6.101074,16.347224,0.999655,275,308,0,0,0,0.0
x86_64,result-ubuntu-24.04-N501-sleep-bursty,agemwis,501,bursty,sleep,4,2.0,200,120,80,109856,54928.0,3.521942,3.222311,7.145568,9.198036,19.610252,0.993549,184,258,0,1519,0,0.0
x86_64,result-ubuntu-24.04-N501-sleep-bursty,gfgrr,501,bursty,sleep,5,2.0,200,120,80,109100,54550.0,3.471953,3.178775,7.159548,9.174975,15.131521,0.994925,189,258,0,1638,102661,12.848949
x86_64,result-ubuntu-24.04-N501-sleep-bursty,dguard,501,bursty,sleep,5,2.0,200,120,80,92707,46353.5,2.929817,1.588729,10.730199,19.789562,318.101435,0.998469,157,206,0,0,0,0.0
x86_64,result-ubuntu-24.04-N501-sleep-bursty,fifo,501,bursty,sleep,5,2.0,200,120,80,18469,9234.5,48.543728,47.881338,58.617334,63.379098,66.255855,0.999746,36,38,0,12009,0,0.0
x86_64,result-ubuntu-24.04-N501-sleep-bursty,waiter,501,bursty,sleep,5,2.0,200,120,80,143426,71713.0,1.222028,0.693986,4.024172,6.23435,13.1323,0.999444,265,304,0,0,0,0.0
x86_64,result-ubuntu-24.04-N501-sleep-bursty,agemwis,501,bursty,sleep,5,2.0,200,120,80,106497,53248.5,3.702908,3.390004,7.541847,9.731776,17.995369,0.992729,180,261,0,1433,0,0.0
x86_64,result-ubuntu-24.04-N501-sleep-bursty,gfgrr,501,bursty,sleep,6,2.0,200,120,80,108010,54005.0,3.621685,3.323376,7.465237,9.556295,19.210058,0.993995,181,260,0,1574,102394,16.033192
x86_64,result-ubuntu-24.04-N501-sleep-bursty,dguard,501,bursty,sleep,6,2.0,200,120,80,85350,42675.0,3.418105,1.770598,13.21745,25.148412,251.993177,0.992437,136,230,0,0,0,0.0
x86_64,result-ubuntu-24.04-N501-sleep-bursty,fifo,501,bursty,sleep,6,2.0,200,120,80,18541,9270.5,48.339708,47.610092,57.609364,63.124712,67.686591,0.999784,36,38,0,11947,0,0.0
x86_64,result-ubuntu-24.04-N501-sleep-bursty,waiter,501,bursty,sleep,6,2.0,200,120,80,144658,72329.0,1.203916,0.677169,3.951232,6.15003,15.626638,0.999129,269,315,0,0,0,0.0
x86_64,result-ubuntu-24.04-N501-sleep-bursty,agemwis,501,bursty,sleep,6,2.0,200,120,80,111757,55878.5,3.290846,2.962044,6.827689,9.095014,25.289373,0.994452,189,266,0,1688,0,0.0
x86_64,result-ubuntu-24.04-N501-sleep-bursty,gfgrr,501,bursty,sleep,7,2.0,200,120,80,106832,53416.0,3.670083,3.389486,7.484212,9.522842,16.598199,0.993863,179,254,0,1503,100757,12.808082
x86_64,result-ubuntu-24.04-N501-sleep-bursty,dguard,501,bursty,sleep,7,2.0,200,120,80,90895,45447.5,3.040578,1.593527,11.122389,20.737502,274.051687,0.997378,155,205,0,0,0,0.0
x86_64,result-ubuntu-24.04-N501-sleep-bursty,fifo,501,bursty,sleep,7,2.0,200,120,80,18976,9488.0,47.037317,47.15408,54.543029,59.358674,62.591447,0.999802,36,39,0,11902,0,0.0
x86_64,result-ubuntu-24.04-N501-sleep-bursty,waiter,501,bursty,sleep,7,2.0,200,120,80,143822,71911.0,1.193,0.672852,3.896208,6.12367,16.003989,0.999206,259,307,0,0,0,0.0
x86_64,result-ubuntu-24.04-N501-sleep-bursty,agemwis,501,bursty,sleep,7,2.0,200,120,80,108828,54414.0,3.494698,3.199316,7.106758,9.045661,19.023602,0.993302,182,263,0,1519,0,0.0
x86_64,result-ubuntu-24.04-N501-sleep-bursty,gfgrr,501,bursty,sleep,8,2.0,200,120,80,108074,54037.0,3.508029,3.224598,7.183788,9.162395,18.176349,0.99469,183,252,0,1530,100945,14.989086
x86_64,result-ubuntu-24.04-N501-sleep-bursty,dguard,501,bursty,sleep,8,2.0,200,120,80,91621,45810.5,2.851847,1.461311,10.797066,20.1013,136.68303,0.99574,152,213,0,0,0,0.0
x86_64,result-ubuntu-24.04-N501-sleep-bursty,fifo,501,bursty,sleep,8,2.0,200,120,80,18530,9265.0,48.466134,48.40907,57.235986,60.214606,65.097238,0.999757,35,38,0,11953,0,0.0
x86_64,result-ubuntu-24.04-N501-sleep-bursty,waiter,501,bursty,sleep,8,2.0,200,120,80,143414,71707.0,1.170359,0.633822,3.849389,6.017659,17.522799,0.998985,255,310,0,0,0,0.0
x86_64,result-ubuntu-24.04-N501-sleep-bursty,agemwis,501,bursty,sleep,8,2.0,200,120,80,108951,54475.5,3.418436,3.09932,7.067856,9.081717,18.013375,0.993621,181,259,0,1645,0,0.0
arm64,result-ubuntu-24.04-arm-N501-kv-bursty,gfgrr,501,bursty,kv,1,2.0,200,120,80,231579,115789.5,0.361861,0.302261,0.798698,1.231525,3.762716,0.998262,428,500,0,8686,140610,2.173579
arm64,result-ubuntu-24.04-arm-N501-kv-bursty,dguard,501,bursty,kv,1,2.0,200,120,80,246812,123406.0,0.004121,0.000216,0.000384,0.118517,0.435318,0.998426,462,527,0,0,0,0.0
arm64,result-ubuntu-24.04-arm-N501-kv-bursty,fifo,501,bursty,kv,1,2.0,200,120,80,182535,91267.5,1.551232,1.51813,2.335063,2.842211,4.184628,0.99801,344,401,0,12911,0,0.0
arm64,result-ubuntu-24.04-arm-N501-kv-bursty,waiter,501,bursty,kv,1,2.0,200,120,80,247026,123513.0,0.086978,0.079896,0.134752,0.155405,0.723753,0.998429,463,527,0,0,0,0.0
arm64,result-ubuntu-24.04-arm-N501-kv-bursty,agemwis,501,bursty,kv,1,2.0,200,120,80,234299,117149.5,0.314452,0.286392,0.589059,0.84361,3.11334,0.998324,437,506,0,9351,0,0.0
arm64,result-ubuntu-24.04-arm-N501-kv-bursty,gfgrr,501,bursty,kv,2,2.0,200,120,80,231086,115543.0,0.340617,0.302924,0.674973,0.963988,3.088955,0.99941,443,497,0,8529,140044,1.672386
arm64,result-ubuntu-24.04-arm-N501-kv-bursty,dguard,501,bursty,kv,2,2.0,200,120,80,245891,122945.5,0.004001,0.000216,0.000376,0.118057,0.659265,0.999549,471,512,0,0,0,0.0
arm64,result-ubuntu-24.04-arm-N501-kv-bursty,fifo,501,bursty,kv,2,2.0,200,120,80,183910,91955.0,1.443808,1.412506,2.138612,2.585422,4.703541,0.999353,349,391,0,12923,0,0.0
arm64,result-ubuntu-24.04-arm-N501-kv-bursty,waiter,501,bursty,kv,2,2.0,200,120,80,246069,123034.5,0.085944,0.076807,0.134824,0.155162,0.637946,0.99955,472,512,0,0,0,0.0
arm64,result-ubuntu-24.04-arm-N501-kv-bursty,agemwis,501,bursty,kv,2,2.0,200,120,80,233680,116840.0,0.293509,0.272096,0.528864,0.703656,1.460994,0.9995,449,499,0,9877,0,0.0
arm64,result-ubuntu-24.04-arm-N501-kv-bursty,gfgrr,501,bursty,kv,3,2.0,200,120,80,234633,117316.5,0.295925,0.272201,0.543076,0.748889,1.728809,0.999038,437,490,0,9866,139491,0.985729
arm64,result-ubuntu-24.04-arm-N501-kv-bursty,dguard,501,bursty,kv,3,2.0,200,120,80,247091,123545.5,0.004047,0.000224,0.000392,0.117063,0.94904,0.999161,459,511,0,0,0,0.0
arm64,result-ubuntu-24.04-arm-N501-kv-bursty,fifo,501,bursty,kv,3,2.0,200,120,80,183501,91750.5,1.50179,1.489123,2.174198,2.492093,3.741029,0.99966,347,378,0,12983,0,0.0
arm64,result-ubuntu-24.04-arm-N501-kv-bursty,waiter,501,bursty,kv,3,2.0,200,120,80,247303,123651.5,0.086083,0.077597,0.135643,0.158026,0.652688,0.99916,460,512,0,0,0,0.0
arm64,result-ubuntu-24.04-arm-N501-kv-bursty,agemwis,501,bursty,kv,3,2.0,200,120,80,234387,117193.5,0.301441,0.280254,0.548026,0.732369,1.721201,0.999035,436,491,0,9618,0,0.0
arm64,result-ubuntu-24.04-arm-N501-kv-bursty,gfgrr,501,bursty,kv,4,2.0,200,120,80,238390,119195.0,0.306947,0.280313,0.579567,0.802511,1.722201,0.999159,449,506,0,9473,142796,0.987084
arm64,result-ubuntu-24.04-arm-N501-kv-bursty,dguard,501,bursty,kv,4,2.0,200,120,80,250937,125468.5,0.004079,0.000216,0.000384,0.118188,1.369831,0.999386,475,527,0,0,0,0.0
arm64,result-ubuntu-24.04-arm-N501-kv-bursty,fifo,501,bursty,kv,4,2.0,200,120,80,183724,91862.0,1.596141,1.567589,2.31532,2.723867,3.548801,0.999347,348,385,0,12977,0,0.0
arm64,result-ubuntu-24.04-arm-N501-kv-bursty,waiter,501,bursty,kv,4,2.0,200,120,80,251102,125551.0,0.086395,0.077651,0.136207,0.157317,0.52031,0.999386,475,527,0,0,0,0.0
arm64,result-ubuntu-24.04-arm-N501-kv-bursty,agemwis,501,bursty,kv,4,2.0,200,120,80,238534,119267.0,0.304885,0.282718,0.557697,0.743978,1.727543,0.999159,449,506,0,9477,0,0.0
arm64,result-ubuntu-24.04-arm-N501-kv-bursty,gfgrr,501,bursty,kv,5,2.0,200,120,80,236685,118342.5,0.32037,0.290357,0.609467,0.867929,3.827224,0.998825,439,506,0,9024,142555,1.889902
arm64,result-ubuntu-24.04-arm-N501-kv-bursty,dguard,501,bursty,kv,5,2.0,200,120,80,250980,125490.0,0.004049,0.000224,0.000384,0.118034,0.504751,0.99881,460,544,0,0,0,0.0
arm64,result-ubuntu-24.04-arm-N501-kv-bursty,fifo,501,bursty,kv,5,2.0,200,120,80,183856,91928.0,1.535495,1.504983,2.245364,2.582843,3.327008,0.99909,339,388,0,12952,0,0.0
arm64,result-ubuntu-24.04-arm-N501-kv-bursty,waiter,501,bursty,kv,5,2.0,200,120,80,251145,125572.5,0.086311,0.077667,0.134991,0.155994,0.484433,0.998801,461,544,0,0,0,0.0
arm64,result-ubuntu-24.04-arm-N501-kv-bursty,agemwis,501,bursty,kv,5,2.0,200,120,80,237643,118821.5,0.303346,0.281702,0.550707,0.732882,1.64224,0.998842,442,509,0,9566,0,0.0
arm64,result-ubuntu-24.04-arm-N501-kv-bursty,gfgrr,501,bursty,kv,6,2.0,200,120,80,237919,118959.5,0.397636,0.335931,0.803776,1.549028,5.98638,0.998775,443,509,0,7586,147241,3.353755
arm64,result-ubuntu-24.04-arm-N501-kv-bursty,dguard,501,bursty,kv,6,2.0,200,120,80,257299,128649.5,0.004171,0.000224,0.000392,0.118368,0.346978,0.998999,488,543,0,0,0,0.0
arm64,result-ubuntu-24.04-arm-N501-kv-bursty,fifo,501,bursty,kv,6,2.0,200,120,80,184563,92281.5,1.606106,1.561402,2.266003,2.751099,12.864347,0.999142,349,390,0,13078,0,0.0
arm64,result-ubuntu-24.04-arm-N501-kv-bursty,waiter,501,bursty,kv,6,2.0,200,120,80,257521,128760.5,0.08576,0.077315,0.133687,0.153782,0.473417,0.998997,489,543,0,0,0,0.0
arm64,result-ubuntu-24.04-arm-N501-kv-bursty,agemwis,501,bursty,kv,6,2.0,200,120,80,243318,121659.0,0.305892,0.285846,0.547246,0.722429,1.601495,0.998941,457,517,0,9372,0,0.0
arm64,result-ubuntu-24.04-arm-N501-kv-bursty,gfgrr,501,bursty,kv,7,2.0,200,120,80,235613,117806.5,0.30489,0.278294,0.571611,0.809698,2.161587,0.997943,426,506,0,9549,140582,1.563402
arm64,result-ubuntu-24.04-arm-N501-kv-bursty,dguard,501,bursty,kv,7,2.0,200,120,80,248056,124028.0,0.004056,0.000216,0.000384,0.118545,1.648287,0.997762,453,539,0,0,0,0.0
arm64,result-ubuntu-24.04-arm-N501-kv-bursty,fifo,501,bursty,kv,7,2.0,200,120,80,183875,91937.5,1.510664,1.464963,2.30617,2.73465,3.523687,0.998693,343,388,0,12843,0,0.0
arm64,result-ubuntu-24.04-arm-N501-kv-bursty,waiter,501,bursty,kv,7,2.0,200,120,80,248250,124125.0,0.085953,0.077443,0.134535,0.154235,0.427485,0.997762,453,539,0,0,0,0.0
arm64,result-ubuntu-24.04-arm-N501-kv-bursty,agemwis,501,bursty,kv,7,2.0,200,120,80,235517,117758.5,0.306177,0.282765,0.557851,0.763267,3.611915,0.997951,426,505,0,9460,0,0.0
arm64,result-ubuntu-24.04-arm-N501-kv-bursty,gfgrr,501,bursty,kv,8,2.0,200,120,80,235970,117985.0,0.301676,0.278902,0.554001,0.756342,1.530948,0.998834,430,501,0,9590,140200,0.999862
arm64,result-ubuntu-24.04-arm-N501-kv-bursty,dguard,501,bursty,kv,8,2.0,200,120,80,248478,124239.0,0.003913,0.000224,0.000376,0.116748,0.459386,0.998785,460,536,0,0,0,0.0
arm64,result-ubuntu-24.04-arm-N501-kv-bursty,fifo,501,bursty,kv,8,2.0,200,120,80,184836,92418.0,1.461134,1.452021,2.12154,2.450689,3.265321,0.999417,346,389,0,13181,0,0.0
arm64,result-ubuntu-24.04-arm-N501-kv-bursty,waiter,501,bursty,kv,8,2.0,200,120,80,248554,124277.0,0.086373,0.078667,0.135151,0.15707,1.451826,0.998786,461,537,0,0,0,0.0
arm64,result-ubuntu-24.04-arm-N501-kv-bursty,agemwis,501,bursty,kv,8,2.0,200,120,80,235954,117977.0,0.301871,0.27743,0.553564,0.764117,3.304761,0.998823,430,501,0,9640,0,0.0
x86_64,result-ubuntu-24.04-N501-ledger-bursty,gfgrr,501,bursty,ledger,1,2.0,200,120,80,145082,72541.0,2.903054,2.590574,6.019107,8.261339,17.814518,0.992938,220,345,0,1164,130873,13.305844
x86_64,result-ubuntu-24.04-N501-ledger-bursty,dguard,501,bursty,ledger,1,2.0,200,120,80,242923,121461.5,0.006371,0.0001,0.045279,0.152726,2.865141,0.999109,453,513,0,0,0,0.0
x86_64,result-ubuntu-24.04-N501-ledger-bursty,fifo,501,bursty,ledger,1,2.0,200,120,80,120288,60144.0,4.36972,4.289218,5.541063,6.68564,8.41859,0.999248,222,254,0,8045,0,0.0
x86_64,result-ubuntu-24.04-N501-ledger-bursty,waiter,501,bursty,ledger,1,2.0,200,120,80,243619,121809.5,0.104469,0.106077,0.166116,0.225426,1.155616,0.999109,453,516,0,0,0,0.0
x86_64,result-ubuntu-24.04-N501-ledger-bursty,agemwis,501,bursty,ledger,1,2.0,200,120,80,147057,73528.5,2.821553,2.638487,5.396227,6.791234,15.013148,0.993366,230,347,0,1153,0,0.0
x86_64,result-ubuntu-24.04-N501-ledger-bursty,gfgrr,501,bursty,ledger,2,2.0,200,120,80,150770,75385.0,2.690804,2.488624,5.213462,6.622419,18.145678,0.993477,236,350,0,1243,136689,11.995308
x86_64,result-ubuntu-24.04-N501-ledger-bursty,dguard,501,bursty,ledger,2,2.0,200,120,80,248296,124148.0,0.005646,0.0001,0.04013,0.144179,1.15871,0.999062,458,523,0,0,0,0.0
x86_64,result-ubuntu-24.04-N501-ledger-bursty,fifo,501,bursty,ledger,2,2.0,200,120,80,116875,58437.5,4.648323,4.615779,5.846048,6.310124,7.418765,0.999045,217,255,0,7701,0,0.0
x86_64,result-ubuntu-24.04-N501-ledger-bursty,waiter,501,bursty,ledger,2,2.0,200,120,80,248612,124306.0,0.103829,0.105389,0.167002,0.23213,1.917992,0.999064,458,523,0,0,0,0.0
x86_64,result-ubuntu-24.04-N501-ledger-bursty,agemwis,501,bursty,ledger,2,2.0,200,120,80,163091,81545.5,2.19811,2.057131,4.178831,5.363281,13.028763,0.994191,262,381,0,1437,0,0.0
x86_64,result-ubuntu-24.04-N501-ledger-bursty,gfgrr,501,bursty,ledger,3,2.0,200,120,80,155339,77669.5,2.471716,2.286314,4.780915,6.201897,15.86905,0.994056,249,370,0,1329,138347,13.324554
x86_64,result-ubuntu-24.04-N501-ledger-bursty,dguard,501,bursty,ledger,3,2.0,200,120,80,242947,121473.5,0.028068,0.0001,0.054222,0.171654,165.508278,0.998858,443,519,0,0,0,0.0
x86_64,result-ubuntu-24.04-N501-ledger-bursty,fifo,501,bursty,ledger,3,2.0,200,120,80,125571,62785.5,4.011324,3.966783,5.137424,5.555167,6.732073,0.999344,234,264,0,8400,0,0.0
x86_64,result-ubuntu-24.04-N501-ledger-bursty,waiter,501,bursty,ledger,3,2.0,200,120,80,244905,122452.5,0.107053,0.106601,0.170995,0.245981,7.360211,0.998968,454,520,0,0,0,0.0
x86_64,result-ubuntu-24.04-N501-ledger-bursty,agemwis,501,bursty,ledger,3,2.0,200,120,80,154825,77412.5,2.506079,2.340154,4.779976,6.07067,12.949801,0.994327,246,363,0,1258,0,0.0
x86_64,result-ubuntu-24.04-N501-ledger-bursty,gfgrr,501,bursty,ledger,4,2.0,200,120,80,155376,77688.0,2.556071,2.371694,4.948893,6.187641,13.284974,0.994065,248,361,0,1266,139132,8.628863
x86_64,result-ubuntu-24.04-N501-ledger-bursty,dguard,501,bursty,ledger,4,2.0,200,120,80,246477,123238.5,0.007469,0.0001,0.051141,0.165339,3.634812,0.999659,469,517,0,0,0,0.0
x86_64,result-ubuntu-24.04-N501-ledger-bursty,fifo,501,bursty,ledger,4,2.0,200,120,80,124518,62259.0,4.187845,4.154928,5.206856,5.743678,6.698186,0.999688,239,262,0,8319,0,0.0
x86_64,result-ubuntu-24.04-N501-ledger-bursty,waiter,501,bursty,ledger,4,2.0,200,120,80,247853,123926.5,0.10393,0.105869,0.168113,0.231428,1.022471,0.999659,472,521,0,0,0,0.0
x86_64,result-ubuntu-24.04-N501-ledger-bursty,agemwis,501,bursty,ledger,4,2.0,200,120,80,152287,76143.5,2.687203,2.522182,5.11854,6.492268,14.897824,0.99392,248,354,0,1252,0,0.0
x86_64,result-ubuntu-24.04-N501-ledger-bursty,gfgrr,501,bursty,ledger,5,2.0,200,120,80,148997,74498.5,2.803901,2.563415,5.483798,7.509936,26.100878,0.993621,239,349,0,1183,135623,12.127457
x86_64,result-ubuntu-24.04-N501-ledger-bursty,dguard,501,bursty,ledger,5,2.0,200,120,80,248295,124147.5,0.006036,0.0001,0.050476,0.149646,1.146019,0.99907,457,524,0,0,0,0.0
x86_64,result-ubuntu-24.04-N501-ledger-bursty,fifo,501,bursty,ledger,5,2.0,200,120,80,128092,64046.0,3.896337,3.837135,5.005272,5.58418,6.573669,0.999537,240,266,0,8637,0,0.0
x86_64,result-ubuntu-24.04-N501-ledger-bursty,waiter,501,bursty,ledger,5,2.0,200,120,80,248961,124480.5,0.10341,0.105569,0.163426,0.218304,0.785415,0.999059,459,526,0,0,0,0.0
x86_64,result-ubuntu-24.04-N501-ledger-bursty,agemwis,501,bursty,ledger,5,2.0,200,120,80,158408,79204.0,2.4082,2.265457,4.591749,5.725561,11.552804,0.99433,260,374,0,1378,0,0.0
x86_64,result-ubuntu-24.04-N501-ledger-bursty,gfgrr,501,bursty,ledger,6,2.0,200,120,80,158772,79386.0,2.415191,2.241639,4.612623,5.856907,12.660414,0.993857,250,378,0,1331,141007,7.822181
x86_64,result-ubuntu-24.04-N501-ledger-bursty,dguard,501,bursty,ledger,6,2.0,200,120,80,249158,124579.0,0.005906,0.0001,0.04588,0.147977,2.567129,0.998965,458,541,0,0,0,0.0
x86_64,result-ubuntu-24.04-N501-ledger-bursty,fifo,501,bursty,ledger,6,2.0,200,120,80,122959,61479.5,4.262356,4.240331,5.287786,6.027184,8.444219,0.999201,228,265,0,8168,0,0.0
x86_64,result-ubuntu-24.04-N501-ledger-bursty,waiter,501,bursty,ledger,6,2.0,200,120,80,249311,124655.5,0.106369,0.106961,0.172134,0.23973,2.502713,0.998968,458,541,0,0,0,0.0
x86_64,result-ubuntu-24.04-N501-ledger-bursty,agemwis,501,bursty,ledger,6,2.0,200,120,80,149542,74771.0,2.793596,2.606642,5.300639,6.876018,17.18961,0.993615,235,362,0,1169,0,0.0
x86_64,result-ubuntu-24.04-N501-ledger-bursty,gfgrr,501,bursty,ledger,7,2.0,200,120,80,152374,76187.0,2.633708,2.42308,5.106201,6.508014,14.393351,0.993405,242,358,0,1227,136890,9.233398
x86_64,result-ubuntu-24.04-N501-ledger-bursty,dguard,501,bursty,ledger,7,2.0,200,120,80,246463,123231.5,0.005997,0.00011,0.049343,0.150447,0.879477,0.998792,454,544,0,0,0,0.0
x86_64,result-ubuntu-24.04-N501-ledger-bursty,fifo,501,bursty,ledger,7,2.0,200,120,80,118542,59271.0,4.501388,4.449695,6.020316,6.886116,8.186415,0.999466,220,249,0,7979,0,0.0
x86_64,result-ubuntu-24.04-N501-ledger-bursty,waiter,501,bursty,ledger,7,2.0,200,120,80,246893,123446.5,0.1054,0.106962,0.169185,0.23079,1.518049,0.998791,455,546,0,0,0,0.0
x86_64,result-ubuntu-24.04-N501-ledger-bursty,agemwis,501,bursty,ledger,7,2.0,200,120,80,157430,78715.0,2.419756,2.261055,4.610004,5.803598,14.514357,0.994331,255,370,0,1318,0,0.0
x86_64,result-ubuntu-24.04-N501-ledger-bursty,gfgrr,501,bursty,ledger,8,2.0,200,120,80,152745,76372.5,2.588186,2.375753,5.076978,6.480451,16.478599,0.993327,237,360,0,1281,135805,9.757203
x86_64,result-ubuntu-24.04-N501-ledger-bursty,dguard,501,bursty,ledger,8,2.0,200,120,80,245834,122917.0,0.006146,0.00011,0.049376,0.151662,2.088728,0.999164,455,515,0,0,0,0.0
x86_64,result-ubuntu-24.04-N501-ledger-bursty,fifo,501,bursty,ledger,8,2.0,200,120,80,126974,63487.0,3.903818,3.730978,5.094882,9.229864,13.045581,0.999134,234,267,0,8447,0,0.0
x86_64,result-ubuntu-24.04-N501-ledger-bursty,waiter,501,bursty,ledger,8,2.0,200,120,80,246461,123230.5,0.103236,0.105289,0.162986,0.226793,2.355412,0.999164,456,515,0,0,0,0.0
x86_64,result-ubuntu-24.04-N501-ledger-bursty,agemwis,501,bursty,ledger,8,2.0,200,120,80,153097,76548.5,2.577839,2.4271,4.856758,6.025314,12.336302,0.993854,241,373,0,1246,0,0.0
arm64,result-ubuntu-24.04-arm-N101-kv-bursty,gfgrr,101,bursty,kv,1,2.0,200,120,80,49225,24612.5,0.167086,0.15864,0.274665,0.373496,2.453523,0.99835,461,520,0,18561,27780,1.975979
arm64,result-ubuntu-24.04-arm-N101-kv-bursty,dguard,101,bursty,kv,1,2.0,200,120,80,50044,25022.0,0.004291,0.00024,0.000432,0.124913,1.53621,0.998311,468,527,0,0,0,0.0
arm64,result-ubuntu-24.04-arm-N101-kv-bursty,fifo,101,bursty,kv,1,2.0,200,120,80,49154,24577.0,0.176799,0.167176,0.307462,0.410631,1.0367,0.998351,461,519,0,18824,0,0.0
arm64,result-ubuntu-24.04-arm-N101-kv-bursty,waiter,101,bursty,kv,1,2.0,200,120,80,50068,25034.0,0.087618,0.083465,0.132664,0.143641,0.540266,0.998301,468,527,0,0,0,0.0
arm64,result-ubuntu-24.04-arm-N101-kv-bursty,agemwis,101,bursty,kv,1,2.0,200,120,80,49233,24616.5,0.166722,0.16016,0.272188,0.347266,1.556733,0.998349,461,520,0,18601,0,0.0
arm64,result-ubuntu-24.04-arm-N101-kv-bursty,gfgrr,101,bursty,kv,2,2.0,200,120,80,48582,24291.0,0.165595,0.158949,0.272329,0.360337,0.558418,0.999482,464,504,0,18563,27446,0.362537
arm64,result-ubuntu-24.04-arm-N101-kv-bursty,dguard,101,bursty,kv,2,2.0,200,120,80,49415,24707.5,0.004009,0.000248,0.00044,0.123596,0.305544,0.999469,473,510,0,0,0,0.0
arm64,result-ubuntu-24.04-arm-N101-kv-bursty,fifo,101,bursty,kv,2,2.0,200,120,80,48486,24243.0,0.174771,0.165417,0.30068,0.401563,0.798654,0.999471,464,504,0,18784,0,0.0
arm64,result-ubuntu-24.04-arm-N101-kv-bursty,waiter,101,bursty,kv,2,2.0,200,120,80,49437,24718.5,0.08723,0.082826,0.133132,0.143342,0.792542,0.999463,473,511,0,0,0,0.0
arm64,result-ubuntu-24.04-arm-N101-kv-bursty,agemwis,101,bursty,kv,2,2.0,200,120,80,48587,24293.5,0.165583,0.159429,0.271657,0.346032,1.27162,0.999481,464,503,0,18607,0,0.0
arm64,result-ubuntu-24.04-arm-N101-kv-bursty,gfgrr,101,bursty,kv,3,2.0,200,120,80,48801,24400.5,0.165922,0.158629,0.275089,0.369115,1.883635,0.999101,456,502,0,18580,27449,0.35353
arm64,result-ubuntu-24.04-arm-N101-kv-bursty,dguard,101,bursty,kv,3,2.0,200,120,80,49699,24849.5,0.00434,0.000256,0.000424,0.125717,0.479855,0.998917,459,511,0,0,0,0.0
arm64,result-ubuntu-24.04-arm-N101-kv-bursty,fifo,101,bursty,kv,3,2.0,200,120,80,48690,24345.0,0.176536,0.166957,0.30452,0.402092,1.316586,0.999113,455,501,0,18854,0,0.0
arm64,result-ubuntu-24.04-arm-N101-kv-bursty,waiter,101,bursty,kv,3,2.0,200,120,80,49738,24869.0,0.086844,0.082906,0.132638,0.143635,0.397052,0.998904,460,511,0,0,0,0.0
arm64,result-ubuntu-24.04-arm-N101-kv-bursty,agemwis,101,bursty,kv,3,2.0,200,120,80,48810,24405.0,0.165641,0.159365,0.272548,0.34845,1.524484,0.999104,456,502,0,18634,0,0.0
arm64,result-ubuntu-24.04-arm-N101-kv-bursty,gfgrr,101,bursty,kv,4,2.0,200,120,80,50075,25037.5,0.165196,0.158493,0.273002,0.362583,1.001213,0.999094,468,517,0,18637,27974,0.319993
arm64,result-ubuntu-24.04-arm-N101-kv-bursty,dguard,101,bursty,kv,4,2.0,200,120,80,50931,25465.5,0.004008,0.000256,0.000424,0.123468,0.308945,0.999107,475,527,0,0,0,0.0
arm64,result-ubuntu-24.04-arm-N101-kv-bursty,fifo,101,bursty,kv,4,2.0,200,120,80,49945,24972.5,0.1775,0.167709,0.310764,0.410844,1.005325,0.999102,466,515,0,18887,0,0.0
arm64,result-ubuntu-24.04-arm-N101-kv-bursty,waiter,101,bursty,kv,4,2.0,200,120,80,50947,25473.5,0.087185,0.082763,0.133612,0.14595,1.175434,0.999109,475,527,0,0,0,0.0
arm64,result-ubuntu-24.04-arm-N101-kv-bursty,agemwis,101,bursty,kv,4,2.0,200,120,80,50079,25039.5,0.165398,0.159613,0.271114,0.341184,0.581633,0.999101,468,517,0,18674,0,0.0
arm64,result-ubuntu-24.04-arm-N101-kv-bursty,gfgrr,101,bursty,kv,5,2.0,200,120,80,49505,24752.5,0.165772,0.158869,0.27416,0.368206,0.990637,0.998795,453,517,0,18577,27941,0.317049
arm64,result-ubuntu-24.04-arm-N101-kv-bursty,dguard,101,bursty,kv,5,2.0,200,120,80,50444,25222.0,0.004105,0.000248,0.000424,0.124608,0.291975,0.998754,462,530,0,0,0,0.0
arm64,result-ubuntu-24.04-arm-N101-kv-bursty,fifo,101,bursty,kv,5,2.0,200,120,80,49387,24693.5,0.175873,0.166588,0.304748,0.405485,0.652784,0.998805,452,516,0,18812,0,0.0
arm64,result-ubuntu-24.04-arm-N101-kv-bursty,waiter,101,bursty,kv,5,2.0,200,120,80,50453,25226.5,0.087349,0.082771,0.133711,0.145539,1.490187,0.998755,462,531,0,0,0,0.0
arm64,result-ubuntu-24.04-arm-N101-kv-bursty,agemwis,101,bursty,kv,5,2.0,200,120,80,49501,24750.5,0.166092,0.159405,0.272032,0.346578,1.963065,0.998806,453,517,0,18587,0,0.0
arm64,result-ubuntu-24.04-arm-N101-kv-bursty,gfgrr,101,bursty,kv,6,2.0,200,120,80,50829,25414.5,0.165619,0.15842,0.274695,0.367209,1.040587,0.9989,477,531,0,18561,28932,0.305856
arm64,result-ubuntu-24.04-arm-N101-kv-bursty,dguard,101,bursty,kv,6,2.0,200,120,80,51882,25941.0,0.004245,0.000248,0.000424,0.124436,0.297624,0.99885,489,541,0,0,0,0.0
arm64,result-ubuntu-24.04-arm-N101-kv-bursty,fifo,101,bursty,kv,6,2.0,200,120,80,50650,25325.0,0.178828,0.168741,0.315026,0.420136,0.733219,0.998917,477,529,0,18743,0,0.0
arm64,result-ubuntu-24.04-arm-N101-kv-bursty,waiter,101,bursty,kv,6,2.0,200,120,80,51902,25951.0,0.086884,0.08245,0.132284,0.144083,0.42602,0.998842,490,542,0,0,0,0.0
arm64,result-ubuntu-24.04-arm-N101-kv-bursty,agemwis,101,bursty,kv,6,2.0,200,120,80,50839,25419.5,0.165147,0.158692,0.271233,0.342934,1.428737,0.998898,478,530,0,18563,0,0.0
arm64,result-ubuntu-24.04-arm-N101-kv-bursty,gfgrr,101,bursty,kv,7,2.0,200,120,80,49204,24602.0,0.166235,0.158996,0.272855,0.363616,2.232113,0.998734,456,515,0,18506,27671,0.438637
arm64,result-ubuntu-24.04-arm-N101-kv-bursty,dguard,101,bursty,kv,7,2.0,200,120,80,50089,25044.5,0.004456,0.000248,0.000424,0.12483,1.503572,0.998612,462,525,0,0,0,0.0
arm64,result-ubuntu-24.04-arm-N101-kv-bursty,fifo,101,bursty,kv,7,2.0,200,120,80,49082,24541.0,0.177057,0.167085,0.309015,0.41115,1.862447,0.998753,455,513,0,18830,0,0.0
arm64,result-ubuntu-24.04-arm-N101-kv-bursty,waiter,101,bursty,kv,7,2.0,200,120,80,50139,25069.5,0.086938,0.082698,0.132685,0.143732,0.473814,0.998594,464,525,0,0,0,0.0
arm64,result-ubuntu-24.04-arm-N101-kv-bursty,agemwis,101,bursty,kv,7,2.0,200,120,80,49225,24612.5,0.164721,0.158749,0.269861,0.338393,0.750229,0.998728,456,514,0,18639,0,0.0
arm64,result-ubuntu-24.04-arm-N101-kv-bursty,gfgrr,101,bursty,kv,8,2.0,200,120,80,49310,24655.0,0.164981,0.158069,0.272852,0.363142,0.598752,0.999124,454,510,0,18659,27744,0.319321
arm64,result-ubuntu-24.04-arm-N101-kv-bursty,dguard,101,bursty,kv,8,2.0,200,120,80,50240,25120.0,0.004101,0.000248,0.000392,0.125129,0.311881,0.999133,466,519,0,0,0,0.0
arm64,result-ubuntu-24.04-arm-N101-kv-bursty,fifo,101,bursty,kv,8,2.0,200,120,80,49184,24592.0,0.175945,0.165977,0.309425,0.412876,1.002701,0.999145,453,509,0,18912,0,0.0
arm64,result-ubuntu-24.04-arm-N101-kv-bursty,waiter,101,bursty,kv,8,2.0,200,120,80,50263,25131.5,0.087058,0.083155,0.132779,0.143826,0.427108,0.99914,467,519,0,0,0,0.0
arm64,result-ubuntu-24.04-arm-N101-kv-bursty,agemwis,101,bursty,kv,8,2.0,200,120,80,49304,24652.0,0.165347,0.159992,0.270254,0.341345,1.315574,0.99913,454,510,0,18705,0,0.0
arm64,result-ubuntu-24.04-arm-N501-sleep-saturated,gfgrr,501,saturated,sleep,1,2.0,200,120,80,225832,112916.0,2.814586,0.764177,10.450565,16.579104,52.516922,0.997392,393,511,0,7575,240128,50.705967
arm64,result-ubuntu-24.04-arm-N501-sleep-saturated,dguard,501,saturated,sleep,1,2.0,200,120,80,152286,76143.0,3.926966,0.000176,20.854811,41.990448,174.100808,0.980258,218,439,0,0,0,0.0
arm64,result-ubuntu-24.04-arm-N501-sleep-saturated,fifo,501,saturated,sleep,1,2.0,200,120,80,1337,668.5,656.823514,744.821507,756.524382,758.493614,760.027924,0.969829,2,3,0,8408,0,0.0
arm64,result-ubuntu-24.04-arm-N501-sleep-saturated,waiter,501,saturated,sleep,1,2.0,200,120,80,1203,601.5,109.73962,0.102264,713.786937,1962.148716,2101.540752,0.04952,0,125,357,0,0,0.0
arm64,result-ubuntu-24.04-arm-N501-sleep-saturated,agemwis,501,saturated,sleep,1,2.0,200,120,80,245080,122540.0,2.326355,0.375189,0.776056,12.593484,2103.540403,0.601612,1,1017,0,6354,0,0.0
arm64,result-ubuntu-24.04-arm-N501-sleep-saturated,gfgrr,501,saturated,sleep,2,2.0,200,120,80,230544,115272.0,2.723996,0.653153,10.583083,17.047375,70.181757,0.998479,409,508,0,8280,244760,69.466917
arm64,result-ubuntu-24.04-arm-N501-sleep-saturated,dguard,501,saturated,sleep,2,2.0,200,120,80,158244,79122.0,3.78924,0.000168,20.485757,39.867109,136.516391,0.99024,229,439,0,0,0,0.0
arm64,result-ubuntu-24.04-arm-N501-sleep-saturated,fifo,501,saturated,sleep,2,2.0,200,120,80,7926,3963.0,124.714674,124.153717,132.794429,134.691946,136.803522,0.999412,15,16,0,9499,0,0.0
arm64,result-ubuntu-24.04-arm-N501-sleep-saturated,waiter,501,saturated,sleep,2,2.0,200,120,80,1183,591.5,221.384325,0.107856,1811.612398,1936.308095,2099.959004,0.046364,0,126,290,0,0,0.0
arm64,result-ubuntu-24.04-arm-N501-sleep-saturated,agemwis,501,saturated,sleep,2,2.0,200,120,80,246399,123199.5,2.154894,0.382745,0.789562,26.324899,1189.897703,0.851385,91,883,0,6423,0,0.0
arm64,result-ubuntu-24.04-arm-N501-sleep-saturated,gfgrr,501,saturated,sleep,3,2.0,200,120,80,233482,116741.0,2.6703,0.591705,10.6484,17.262256,49.014909,0.998319,408,511,0,8833,247724,48.300458
arm64,result-ubuntu-24.04-arm-N501-sleep-saturated,dguard,501,saturated,sleep,3,2.0,200,120,80,158592,79296.0,3.766993,0.000168,20.153102,37.785131,144.924558,0.99138,239,409,0,0,0,0.0
arm64,result-ubuntu-24.04-arm-N501-sleep-saturated,fifo,501,saturated,sleep,3,2.0,200,120,80,1236,618.0,680.947751,797.549994,812.495398,815.348227,818.211395,0.96071,2,3,0,8536,0,0.0
arm64,result-ubuntu-24.04-arm-N501-sleep-saturated,waiter,501,saturated,sleep,3,2.0,200,120,80,1169,584.5,42.425887,0.098344,212.787729,1575.916091,2044.588564,0.028942,0,129,421,0,0,0.0
arm64,result-ubuntu-24.04-arm-N501-sleep-saturated,agemwis,501,saturated,sleep,3,2.0,200,120,80,247351,123675.5,2.261687,0.377957,0.773321,37.791985,1206.352273,0.839696,184,811,0,6456,0,0.0
arm64,result-ubuntu-24.04-arm-N501-sleep-saturated,gfgrr,501,saturated,sleep,4,2.0,200,120,80,234999,117499.5,2.647891,0.579643,10.534296,16.958031,47.079736,0.997958,418,532,0,9074,249353,46.699323
arm64,result-ubuntu-24.04-arm-N501-sleep-saturated,dguard,501,saturated,sleep,4,2.0,200,120,80,159853,79926.5,3.746181,0.00016,20.207428,37.550142,131.242116,0.992756,246,400,0,0,0,0.0
arm64,result-ubuntu-24.04-arm-N501-sleep-saturated,fifo,501,saturated,sleep,4,2.0,200,120,80,1264,632.0,671.918248,769.926773,781.86551,783.093313,784.224354,0.962285,2,3,0,8421,0,0.0
arm64,result-ubuntu-24.04-arm-N501-sleep-saturated,waiter,501,saturated,sleep,4,2.0,200,120,80,1213,606.5,107.095024,0.102651,830.288994,1797.140018,2102.10462,0.036516,0,129,354,0,0,0.0
arm64,result-ubuntu-24.04-arm-N501-sleep-saturated,agemwis,501,saturated,sleep,4,2.0,200,120,80,246773,123386.5,2.179839,0.392494,0.770937,21.721985,1116.675996,0.940413,269,734,0,6155,0,0.0
arm64,result-ubuntu-24.04-arm-N501-sleep-saturated,gfgrr,501,saturated,sleep,5,2.0,200,120,80,232309,116154.5,2.681862,0.598757,10.523321,17.007314,45.637056,0.9985,409,524,0,8836,246384,44.939144
arm64,result-ubuntu-24.04-arm-N501-sleep-saturated,dguard,501,saturated,sleep,5,2.0,200,120,80,158359,79179.5,3.735546,0.000168,20.216712,37.362927,109.646674,0.993669,237,394,0,0,0,0.0
arm64,result-ubuntu-24.04-arm-N501-sleep-saturated,fifo,501,saturated,sleep,5,2.0,200,120,80,1400,700.0,627.364801,701.429226,712.601875,716.686425,718.795713,0.979513,2,3,0,8304,0,0.0
arm64,result-ubuntu-24.04-arm-N501-sleep-saturated,waiter,501,saturated,sleep,5,2.0,200,120,80,1150,575.0,50.119287,0.098227,146.823862,1248.716818,2000.453695,0.027647,0,129,428,0,0,0.0
arm64,result-ubuntu-24.04-arm-N501-sleep-saturated,agemwis,501,saturated,sleep,5,2.0,200,120,80,248731,124365.5,2.30028,0.358852,0.733293,32.659728,924.408862,0.962589,311,736,0,6697,0,0.0
arm64,result-ubuntu-24.04-arm-N501-sleep-saturated,gfgrr,501,saturated,sleep,6,2.0,200,120,80,232797,116398.5,2.680117,0.598847,10.519413,17.078622,51.737426,0.997981,404,521,0,8816,246876,51.399014
arm64,result-ubuntu-24.04-arm-N501-sleep-saturated,dguard,501,saturated,sleep,6,2.0,200,120,80,159899,79949.5,3.728944,0.00016,20.214949,38.091012,128.661736,0.993936,259,380,0,0,0,0.0
arm64,result-ubuntu-24.04-arm-N501-sleep-saturated,fifo,501,saturated,sleep,6,2.0,200,120,80,1149,574.5,729.258039,855.368675,875.205208,877.46043,880.186921,0.962078,2,3,0,8573,0,0.0
arm64,result-ubuntu-24.04-arm-N501-sleep-saturated,waiter,501,saturated,sleep,6,2.0,200,120,80,1152,576.0,40.702263,0.099908,132.803383,1016.853463,2015.073096,0.030827,0,129,438,0,0,0.0
arm64,result-ubuntu-24.04-arm-N501-sleep-saturated,agemwis,501,saturated,sleep,6,2.0,200,120,80,249169,124584.5,2.088693,0.359453,0.713935,20.029276,1230.799733,0.637137,5,1046,0,6592,0,0.0
arm64,result-ubuntu-24.04-arm-N501-sleep-saturated,gfgrr,501,saturated,sleep,7,2.0,200,120,80,232340,116170.0,2.682763,0.599357,10.632643,17.082002,44.891618,0.998076,397,514,0,8888,246775,44.242747
arm64,result-ubuntu-24.04-arm-N501-sleep-saturated,dguard,501,saturated,sleep,7,2.0,200,120,80,156367,78183.5,3.746381,0.000168,20.3345,40.181692,158.452823,0.982592,198,452,0,0,0,0.0
arm64,result-ubuntu-24.04-arm-N501-sleep-saturated,fifo,501,saturated,sleep,7,2.0,200,120,80,1360,680.0,645.503719,718.226123,745.987605,749.899702,751.407171,0.973067,2,3,0,8317,0,0.0
arm64,result-ubuntu-24.04-arm-N501-sleep-saturated,waiter,501,saturated,sleep,7,2.0,200,120,80,1180,590.0,70.280646,0.101108,288.906522,1752.9315,1928.036746,0.023226,0,257,414,0,0,0.0
arm64,result-ubuntu-24.04-arm-N501-sleep-saturated,agemwis,501,saturated,sleep,7,2.0,200,120,80,252842,126421.0,2.286635,0.327579,0.670079,23.646339,827.101109,0.96496,293,707,0,7408,0,0.0
arm64,result-ubuntu-24.04-arm-N501-sleep-saturated,gfgrr,501,saturated,sleep,8,2.0,200,120,80,232404,116202.0,2.678699,0.589597,10.561491,17.35356,67.10339,0.998161,405,518,0,8912,246314,66.697175
arm64,result-ubuntu-24.04-arm-N501-sleep-saturated,dguard,501,saturated,sleep,8,2.0,200,120,80,155804,77902.0,3.833131,0.000168,20.548709,39.595286,171.416079,0.985099,185,430,0,0,0,0.0
arm64,result-ubuntu-24.04-arm-N501-sleep-saturated,fifo,501,saturated,sleep,8,2.0,200,120,80,1173,586.5,713.718189,837.698409,843.429461,845.328065,846.693128,0.960603,2,3,0,8620,0,0.0
arm64,result-ubuntu-24.04-arm-N501-sleep-saturated,waiter,501,saturated,sleep,8,2.0,200,120,80,1158,579.0,65.957571,0.102428,335.872138,1670.032092,2014.28757,0.028824,0,129,412,0,0,0.0
arm64,result-ubuntu-24.04-arm-N501-sleep-saturated,agemwis,501,saturated,sleep,8,2.0,200,120,80,253227,126613.5,2.318278,0.324075,0.641116,33.577779,1090.02408,0.849249,38,978,0,7590,0,0.0
arm64,result-ubuntu-24.04-arm-N101-ledger-bursty,gfgrr,101,bursty,ledger,1,2.0,200,120,80,48644,24322.0,0.164476,0.156063,0.27275,0.378965,2.310223,0.999196,461,507,0,18698,27364,0.698798
arm64,result-ubuntu-24.04-arm-N101-ledger-bursty,dguard,101,bursty,ledger,1,2.0,200,120,80,49568,24784.0,0.003952,0.000232,0.00036,0.123317,0.498555,0.999149,468,517,0,0,0,0.0
arm64,result-ubuntu-24.04-arm-N101-ledger-bursty,fifo,101,bursty,ledger,1,2.0,200,120,80,48535,24267.5,0.174721,0.165542,0.303163,0.404438,1.492938,0.999206,461,507,0,18899,0,0.0
arm64,result-ubuntu-24.04-arm-N101-ledger-bursty,waiter,101,bursty,ledger,1,2.0,200,120,80,49592,24796.0,0.086921,0.082836,0.132416,0.141547,0.526114,0.99914,468,518,0,0,0,0.0
arm64,result-ubuntu-24.04-arm-N101-ledger-bursty,agemwis,101,bursty,ledger,1,2.0,200,120,80,48658,24329.0,0.163893,0.157583,0.268693,0.339323,1.409711,0.999194,461,507,0,18647,0,0.0
arm64,result-ubuntu-24.04-arm-N101-ledger-bursty,gfgrr,101,bursty,ledger,2,2.0,200,120,80,49869,24934.5,0.164351,0.156895,0.272148,0.365163,1.956496,0.999158,460,513,0,18656,28253,1.6041
arm64,result-ubuntu-24.04-arm-N101-ledger-bursty,dguard,101,bursty,ledger,2,2.0,200,120,80,50810,25405.0,0.004181,0.000232,0.000376,0.123773,0.437062,0.999095,465,525,0,0,0,0.0
arm64,result-ubuntu-24.04-arm-N101-ledger-bursty,fifo,101,bursty,ledger,2,2.0,200,120,80,49777,24888.5,0.174721,0.164591,0.302809,0.412373,1.569573,0.999172,460,512,0,18871,0,0.0
arm64,result-ubuntu-24.04-arm-N101-ledger-bursty,waiter,101,bursty,ledger,2,2.0,200,120,80,50841,25420.5,0.086197,0.081595,0.132161,0.140734,0.674169,0.999101,466,525,0,0,0,0.0
arm64,result-ubuntu-24.04-arm-N101-ledger-bursty,agemwis,101,bursty,ledger,2,2.0,200,120,80,49900,24950.0,0.162981,0.157063,0.267728,0.336445,0.66129,0.999161,460,514,0,18778,0,0.0
arm64,result-ubuntu-24.04-arm-N101-ledger-bursty,gfgrr,101,bursty,ledger,3,2.0,200,120,80,48910,24455.0,0.164239,0.156963,0.271673,0.361632,0.93617,0.998923,452,512,0,18659,27676,0.586414
arm64,result-ubuntu-24.04-arm-N101-ledger-bursty,dguard,101,bursty,ledger,3,2.0,200,120,80,49817,24908.5,0.004066,0.000232,0.000392,0.122896,0.491428,0.998925,463,521,0,0,0,0.0
arm64,result-ubuntu-24.04-arm-N101-ledger-bursty,fifo,101,bursty,ledger,3,2.0,200,120,80,48738,24369.0,0.17836,0.165574,0.311483,0.430047,2.158195,0.998931,448,511,0,18920,0,0.0
arm64,result-ubuntu-24.04-arm-N101-ledger-bursty,waiter,101,bursty,ledger,3,2.0,200,120,80,49842,24921.0,0.087089,0.082795,0.132769,0.147761,1.025653,0.998922,463,521,0,0,0,0.0
arm64,result-ubuntu-24.04-arm-N101-ledger-bursty,agemwis,101,bursty,ledger,3,2.0,200,120,80,48937,24468.5,0.162544,0.156751,0.266572,0.330215,0.526578,0.998914,453,514,0,18794,0,0.0
arm64,result-ubuntu-24.04-arm-N101-ledger-bursty,gfgrr,101,bursty,ledger,4,2.0,200,120,80,49688,24844.0,0.162572,0.155963,0.269816,0.351213,0.578927,0.999639,475,516,0,18735,27839,0.284871
arm64,result-ubuntu-24.04-arm-N101-ledger-bursty,dguard,101,bursty,ledger,4,2.0,200,120,80,50675,25337.5,0.004088,0.000232,0.000376,0.124436,0.309247,0.999574,485,528,0,0,0,0.0
arm64,result-ubuntu-24.04-arm-N101-ledger-bursty,fifo,101,bursty,ledger,4,2.0,200,120,80,49539,24769.5,0.175188,0.16527,0.307188,0.410144,1.496075,0.999645,475,514,0,19000,0,0.0
arm64,result-ubuntu-24.04-arm-N101-ledger-bursty,waiter,101,bursty,ledger,4,2.0,200,120,80,50707,25353.5,0.086632,0.082203,0.13335,0.144671,0.835097,0.999574,485,528,0,0,0,0.0
arm64,result-ubuntu-24.04-arm-N101-ledger-bursty,agemwis,101,bursty,ledger,4,2.0,200,120,80,49684,24842.0,0.163595,0.157951,0.268009,0.336308,0.642187,0.999637,475,515,0,18828,0,0.0
arm64,result-ubuntu-24.04-arm-N101-ledger-bursty,gfgrr,101,bursty,ledger,5,2.0,200,120,80,49710,24855.0,0.164508,0.157683,0.270986,0.358715,0.85364,0.999007,453,519,0,18661,28074,0.325374
arm64,result-ubuntu-24.04-arm-N101-ledger-bursty,dguard,101,bursty,ledger,5,2.0,200,120,80,50640,25320.0,0.004202,0.000224,0.000392,0.124555,0.294199,0.999062,463,529,0,0,0,0.0
arm64,result-ubuntu-24.04-arm-N101-ledger-bursty,fifo,101,bursty,ledger,5,2.0,200,120,80,49614,24807.0,0.173396,0.164463,0.300266,0.393881,0.670299,0.998998,450,518,0,18931,0,0.0
arm64,result-ubuntu-24.04-arm-N101-ledger-bursty,waiter,101,bursty,ledger,5,2.0,200,120,80,50674,25337.0,0.086946,0.082735,0.132632,0.145086,0.475958,0.999061,463,530,0,0,0,0.0
arm64,result-ubuntu-24.04-arm-N101-ledger-bursty,agemwis,101,bursty,ledger,5,2.0,200,120,80,49715,24857.5,0.163972,0.157911,0.269684,0.338758,0.611413,0.998998,453,520,0,18726,0,0.0
arm64,result-ubuntu-24.04-arm-N101-ledger-bursty,gfgrr,101,bursty,ledger,6,2.0,200,120,80,50109,25054.5,0.163902,0.156727,0.271393,0.363594,1.839246,0.998912,460,536,0,18597,28236,0.25013
arm64,result-ubuntu-24.04-arm-N101-ledger-bursty,dguard,101,bursty,ledger,6,2.0,200,120,80,51053,25526.5,0.004146,0.000224,0.000376,0.124509,0.590582,0.998891,467,547,0,0,0,0.0
arm64,result-ubuntu-24.04-arm-N101-ledger-bursty,fifo,101,bursty,ledger,6,2.0,200,120,80,49983,24991.5,0.174336,0.164647,0.302644,0.404228,0.679704,0.9989,459,535,0,18877,0,0.0
arm64,result-ubuntu-24.04-arm-N101-ledger-bursty,waiter,101,bursty,ledger,6,2.0,200,120,80,51086,25543.0,0.086417,0.081944,0.132182,0.145741,0.400825,0.998876,467,548,0,0,0,0.0
arm64,result-ubuntu-24.04-arm-N101-ledger-bursty,agemwis,101,bursty,ledger,6,2.0,200,120,80,50122,25061.0,0.163557,0.157526,0.268863,0.338965,0.606757,0.998897,460,536,0,18680,0,0.0
arm64,result-ubuntu-24.04-arm-N101-ledger-bursty,gfgrr,101,bursty,ledger,7,2.0,200,120,80,49276,24638.0,0.164003,0.156847,0.271634,0.361817,0.667537,0.998768,451,534,0,18663,27823,0.38013
arm64,result-ubuntu-24.04-arm-N101-ledger-bursty,dguard,101,bursty,ledger,7,2.0,200,120,80,50213,25106.5,0.004246,0.000232,0.000392,0.124843,0.937746,0.998723,463,547,0,0,0,0.0
arm64,result-ubuntu-24.04-arm-N101-ledger-bursty,fifo,101,bursty,ledger,7,2.0,200,120,80,49133,24566.5,0.175808,0.164687,0.303333,0.416921,1.766955,0.998748,448,529,0,18895,0,0.0
arm64,result-ubuntu-24.04-arm-N101-ledger-bursty,waiter,101,bursty,ledger,7,2.0,200,120,80,50247,25123.5,0.087101,0.082843,0.13268,0.142946,0.536785,0.998728,464,547,0,0,0,0.0
arm64,result-ubuntu-24.04-arm-N101-ledger-bursty,agemwis,101,bursty,ledger,7,2.0,200,120,80,49289,24644.5,0.163783,0.157679,0.268339,0.340596,0.563703,0.998762,451,533,0,18736,0,0.0
arm64,result-ubuntu-24.04-arm-N101-ledger-bursty,gfgrr,101,bursty,ledger,8,2.0,200,120,80,49048,24524.0,0.163996,0.157899,0.271054,0.358377,0.626652,0.999217,454,505,0,18744,27559,0.483557
arm64,result-ubuntu-24.04-arm-N101-ledger-bursty,dguard,101,bursty,ledger,8,2.0,200,120,80,50000,25000.0,0.004074,0.000232,0.000384,0.124658,0.302238,0.99921,461,516,0,0,0,0.0
arm64,result-ubuntu-24.04-arm-N101-ledger-bursty,fifo,101,bursty,ledger,8,2.0,200,120,80,48946,24473.0,0.173026,0.164855,0.299207,0.39609,0.640963,0.99921,453,505,0,18971,0,0.0
arm64,result-ubuntu-24.04-arm-N101-ledger-bursty,waiter,101,bursty,ledger,8,2.0,200,120,80,50033,25016.5,0.08694,0.083043,0.132488,0.141672,0.415016,0.999202,461,517,0,0,0,0.0
arm64,result-ubuntu-24.04-arm-N101-ledger-bursty,agemwis,101,bursty,ledger,8,2.0,200,120,80,49045,24522.5,0.163949,0.157511,0.268273,0.342659,1.698526,0.99921,454,505,0,18764,0,0.0
x86_64,result-ubuntu-24.04-N101-kv-saturated,gfgrr,101,saturated,kv,1,2.0,200,120,80,140941,70470.5,1.431495,1.335919,2.362142,3.445839,13.078646,0.99283,1065,1499,0,3330,149834,11.081052
x86_64,result-ubuntu-24.04-N101-kv-saturated,dguard,101,saturated,kv,1,2.0,200,120,80,182335,91167.5,0.72282,0.000121,3.687088,6.207559,46.391656,0.972304,1473,2808,0,0,0,0.0
x86_64,result-ubuntu-24.04-N101-kv-saturated,fifo,101,saturated,kv,1,2.0,200,120,80,15531,7765.5,13.036656,12.772992,17.240778,18.068307,20.844029,0.999983,153,155,0,11596,0,0.0
x86_64,result-ubuntu-24.04-N101-kv-saturated,waiter,101,saturated,kv,1,2.0,200,120,80,19862,9931.0,9.993491,0.105808,118.723147,182.909914,209.283088,0.708967,44,728,0,0,0,0.0
x86_64,result-ubuntu-24.04-N101-kv-saturated,agemwis,101,saturated,kv,1,2.0,200,120,80,151336,75668.0,1.33271,1.323501,2.418868,3.301166,8.714682,0.993426,1137,1627,0,3432,0,0.0
x86_64,result-ubuntu-24.04-N101-kv-saturated,gfgrr,101,saturated,kv,2,2.0,200,120,80,153222,76611.0,1.316557,1.263456,2.165788,2.989855,8.377824,0.991388,1175,1654,0,3643,162601,6.946483
x86_64,result-ubuntu-24.04-N101-kv-saturated,dguard,101,saturated,kv,2,2.0,200,120,80,192218,96109.0,0.684627,0.00013,3.169215,4.581882,13.714317,0.996587,1705,2110,0,0,0,0.0
x86_64,result-ubuntu-24.04-N101-kv-saturated,fifo,101,saturated,kv,2,2.0,200,120,80,68617,34308.5,2.94532,2.751572,4.386666,6.051158,7.042528,0.999997,677,682,0,14243,0,0.0
x86_64,result-ubuntu-24.04-N101-kv-saturated,waiter,101,saturated,kv,2,2.0,200,120,80,20555,10277.5,9.453102,0.108625,77.451274,146.920734,180.613271,0.776877,89,571,0,0,0,0.0
x86_64,result-ubuntu-24.04-N101-kv-saturated,agemwis,101,saturated,kv,2,2.0,200,120,80,153436,76718.0,1.314821,1.286347,2.427116,3.348648,7.341901,0.99163,1100,1683,0,3484,0,0.0
x86_64,result-ubuntu-24.04-N101-kv-saturated,gfgrr,101,saturated,kv,3,2.0,200,120,80,155785,77892.5,1.295028,1.231599,2.135592,2.96031,10.306668,0.990953,1167,1682,0,3672,165219,8.9033
x86_64,result-ubuntu-24.04-N101-kv-saturated,dguard,101,saturated,kv,3,2.0,200,120,80,188884,94442.0,0.69432,0.00012,3.574066,5.92162,22.677972,0.995051,1571,2253,0,0,0,0.0
x86_64,result-ubuntu-24.04-N101-kv-saturated,fifo,101,saturated,kv,3,2.0,200,120,80,55815,27907.5,3.624161,3.072994,6.902556,8.964754,10.602099,0.999993,550,555,0,14104,0,0.0
x86_64,result-ubuntu-24.04-N101-kv-saturated,waiter,101,saturated,kv,3,2.0,200,120,80,19225,9612.5,10.43004,0.111028,120.499451,178.419646,211.128489,0.710459,50,635,0,0,0,0.0
x86_64,result-ubuntu-24.04-N101-kv-saturated,agemwis,101,saturated,kv,3,2.0,200,120,80,157574,78787.0,1.280469,1.258673,2.387198,3.175441,8.251424,0.992019,1179,1683,0,3610,0,0.0
x86_64,result-ubuntu-24.04-N101-kv-saturated,gfgrr,101,saturated,kv,4,2.0,200,120,80,152384,76192.0,1.323774,1.256881,2.180326,3.005211,8.71276,0.990814,1130,1642,0,3562,160947,7.149432
x86_64,result-ubuntu-24.04-N101-kv-saturated,dguard,101,saturated,kv,4,2.0,200,120,80,193092,96546.0,0.682026,0.000121,3.149804,4.602579,14.112243,0.994792,1684,2160,0,0,0,0.0
x86_64,result-ubuntu-24.04-N101-kv-saturated,fifo,101,saturated,kv,4,2.0,200,120,80,62871,31435.5,3.213006,2.963684,5.131811,5.862229,6.928669,0.999994,619,625,0,14312,0,0.0
x86_64,result-ubuntu-24.04-N101-kv-saturated,waiter,101,saturated,kv,4,2.0,200,120,80,20596,10298.0,9.739057,0.107973,92.027229,121.875004,159.733611,0.717786,77,1000,0,0,0,0.0
x86_64,result-ubuntu-24.04-N101-kv-saturated,agemwis,101,saturated,kv,4,2.0,200,120,80,155702,77851.0,1.295611,1.278565,2.343425,3.1156,6.933205,0.99274,1157,1666,0,3538,0,0.0
x86_64,result-ubuntu-24.04-N101-kv-saturated,gfgrr,101,saturated,kv,5,2.0,200,120,80,154776,77388.0,1.303342,1.236506,2.164352,2.968746,8.342472,0.990637,1135,1671,0,3648,164834,7.202852
x86_64,result-ubuntu-24.04-N101-kv-saturated,dguard,101,saturated,kv,5,2.0,200,120,80,191971,95985.5,0.686375,0.00013,3.175963,4.615277,13.889304,0.993419,1635,2161,0,0,0,0.0
x86_64,result-ubuntu-24.04-N101-kv-saturated,fifo,101,saturated,kv,5,2.0,200,120,80,63251,31625.5,3.197296,2.694748,6.334592,7.723007,8.853494,0.999996,623,628,0,14055,0,0.0
x86_64,result-ubuntu-24.04-N101-kv-saturated,waiter,101,saturated,kv,5,2.0,200,120,80,21244,10622.0,9.467909,0.108248,79.075657,114.241829,153.239448,0.801975,81,747,0,0,0,0.0
x86_64,result-ubuntu-24.04-N101-kv-saturated,agemwis,101,saturated,kv,5,2.0,200,120,80,154911,77455.5,1.302106,1.299029,2.360048,3.213405,6.535302,0.991674,1109,1702,0,3565,0,0.0
x86_64,result-ubuntu-24.04-N101-kv-saturated,gfgrr,101,saturated,kv,6,2.0,200,120,80,155634,77817.0,1.296152,1.234557,2.162438,3.020093,8.88886,0.990584,1141,1680,0,3688,164828,7.683173
x86_64,result-ubuntu-24.04-N101-kv-saturated,dguard,101,saturated,kv,6,2.0,200,120,80,193892,96946.0,0.677936,0.000121,3.026366,4.591374,13.671934,0.995184,1687,2183,0,0,0,0.0
x86_64,result-ubuntu-24.04-N101-kv-saturated,fifo,101,saturated,kv,6,2.0,200,120,80,56500,28250.0,3.573855,3.39546,4.782099,6.378626,8.988188,0.999982,556,564,0,14305,0,0.0
x86_64,result-ubuntu-24.04-N101-kv-saturated,waiter,101,saturated,kv,6,2.0,200,120,80,20861,10430.5,9.389425,0.108704,85.610048,135.659199,190.541452,0.69757,79,914,0,0,0,0.0
x86_64,result-ubuntu-24.04-N101-kv-saturated,agemwis,101,saturated,kv,6,2.0,200,120,80,157037,78518.5,1.284426,1.26525,2.339998,3.162849,6.964954,0.992297,1174,1678,0,3585,0,0.0
x86_64,result-ubuntu-24.04-N101-kv-saturated,gfgrr,101,saturated,kv,7,2.0,200,120,80,154082,77041.0,1.309209,1.247708,2.145664,2.955981,9.572068,0.990904,1113,1663,0,3649,164199,8.317986
x86_64,result-ubuntu-24.04-N101-kv-saturated,dguard,101,saturated,kv,7,2.0,200,120,80,184621,92310.5,0.716321,0.000121,3.622816,5.926198,23.41321,0.996128,1584,2071,0,0,0,0.0
x86_64,result-ubuntu-24.04-N101-kv-saturated,fifo,101,saturated,kv,7,2.0,200,120,80,70940,35470.0,2.84786,2.72416,3.822634,5.522111,6.422161,0.999998,700,705,0,14230,0,0.0
x86_64,result-ubuntu-24.04-N101-kv-saturated,waiter,101,saturated,kv,7,2.0,200,120,80,19834,9917.0,9.737861,0.106761,117.457116,168.43289,210.563102,0.575417,37,958,0,0,0,0.0
x86_64,result-ubuntu-24.04-N101-kv-saturated,agemwis,101,saturated,kv,7,2.0,200,120,80,153768,76884.0,1.311916,1.287373,2.418296,3.244905,7.630456,0.992124,1156,1659,0,3535,0,0.0
x86_64,result-ubuntu-24.04-N101-kv-saturated,gfgrr,101,saturated,kv,8,2.0,200,120,80,152274,76137.0,1.324875,1.2654,2.161656,2.905772,9.32997,0.991469,1111,1633,0,3532,161996,7.92456
x86_64,result-ubuntu-24.04-N101-kv-saturated,dguard,101,saturated,kv,8,2.0,200,120,80,194036,97018.0,0.677071,0.000121,3.239637,4.692478,21.260967,0.996501,1727,2349,0,0,0,0.0
x86_64,result-ubuntu-24.04-N101-kv-saturated,fifo,101,saturated,kv,8,2.0,200,120,80,53601,26800.5,3.773118,3.274251,7.125984,9.308749,10.136588,0.999992,527,533,0,14279,0,0.0
x86_64,result-ubuntu-24.04-N101-kv-saturated,waiter,101,saturated,kv,8,2.0,200,120,80,20189,10094.5,9.930498,0.107833,107.100802,147.396256,186.551943,0.72931,51,597,0,0,0,0.0
x86_64,result-ubuntu-24.04-N101-kv-saturated,agemwis,101,saturated,kv,8,2.0,200,120,80,152934,76467.0,1.319247,1.294995,2.437733,3.317457,7.551326,0.991856,1111,1651,0,3482,0,0.0
x86_64,result-ubuntu-24.04-N101-kv-bursty,gfgrr,101,bursty,kv,1,2.0,200,120,80,48926,24463.0,0.189246,0.179886,0.31907,0.438556,2.03111,0.998355,458,516,0,16807,27620,1.497143
x86_64,result-ubuntu-24.04-N101-kv-bursty,dguard,101,bursty,kv,1,2.0,200,120,80,49905,24952.5,0.00458,0.0001,0.000311,0.135543,1.601095,0.998305,466,527,0,0,0,0.0
x86_64,result-ubuntu-24.04-N101-kv-bursty,fifo,101,bursty,kv,1,2.0,200,120,80,48577,24288.5,0.220269,0.193145,0.403576,0.860457,3.506059,0.998466,456,511,0,16960,0,0.0
x86_64,result-ubuntu-24.04-N101-kv-bursty,waiter,101,bursty,kv,1,2.0,200,120,80,49930,24965.0,0.093267,0.090326,0.138937,0.159439,1.284467,0.998305,466,526,0,0,0,0.0
x86_64,result-ubuntu-24.04-N101-kv-bursty,agemwis,101,bursty,kv,1,2.0,200,120,80,48959,24479.5,0.187675,0.179251,0.30286,0.408256,2.409716,0.998359,459,516,0,17028,0,0.0
x86_64,result-ubuntu-24.04-N101-kv-bursty,gfgrr,101,bursty,kv,2,2.0,200,120,80,48129,24064.5,0.19511,0.178804,0.329884,0.620844,2.499894,0.999422,459,503,0,16705,27263,1.229157
x86_64,result-ubuntu-24.04-N101-kv-bursty,dguard,101,bursty,kv,2,2.0,200,120,80,49232,24616.0,0.005037,9.1e-05,0.00034,0.138951,0.724921,0.999474,472,508,0,0,0,0.0
x86_64,result-ubuntu-24.04-N101-kv-bursty,fifo,101,bursty,kv,2,2.0,200,120,80,48064,24032.0,0.202934,0.190028,0.364234,0.500615,1.173715,0.999416,458,502,0,17227,0,0.0
x86_64,result-ubuntu-24.04-N101-kv-bursty,waiter,101,bursty,kv,2,2.0,200,120,80,49252,24626.0,0.094994,0.089404,0.140482,0.192017,2.281973,0.999475,472,509,0,0,0,0.0
x86_64,result-ubuntu-24.04-N101-kv-bursty,agemwis,101,bursty,kv,2,2.0,200,120,80,48246,24123.0,0.186533,0.179202,0.302403,0.400051,1.819397,0.999454,462,502,0,16990,0,0.0
x86_64,result-ubuntu-24.04-N101-kv-bursty,gfgrr,101,bursty,kv,3,2.0,200,120,80,48520,24260.0,0.184268,0.177094,0.300582,0.408692,1.06112,0.999145,455,499,0,17047,27349,0.366631
x86_64,result-ubuntu-24.04-N101-kv-bursty,dguard,101,bursty,kv,3,2.0,200,120,80,49518,24759.0,0.004784,9.1e-05,0.00033,0.137559,0.939334,0.998953,458,509,0,0,0,0.0
x86_64,result-ubuntu-24.04-N101-kv-bursty,fifo,101,bursty,kv,3,2.0,200,120,80,48206,24103.0,0.21094,0.189553,0.369639,0.614333,2.837763,0.999179,451,496,0,17233,0,0.0
x86_64,result-ubuntu-24.04-N101-kv-bursty,waiter,101,bursty,kv,3,2.0,200,120,80,49574,24787.0,0.092532,0.089337,0.138809,0.162713,0.505742,0.998939,458,510,0,0,0,0.0
x86_64,result-ubuntu-24.04-N101-kv-bursty,agemwis,101,bursty,kv,3,2.0,200,120,80,48406,24203.0,0.192623,0.180136,0.317501,0.542091,2.413684,0.999158,454,497,0,16815,0,0.0
x86_64,result-ubuntu-24.04-N101-kv-bursty,gfgrr,101,bursty,kv,4,2.0,200,120,80,49754,24877.0,0.185389,0.177588,0.304023,0.417179,1.54085,0.999126,464,517,0,16818,28051,1.313062
x86_64,result-ubuntu-24.04-N101-kv-bursty,dguard,101,bursty,kv,4,2.0,200,120,80,50769,25384.5,0.004623,0.0001,0.000331,0.1343,0.8037,0.999089,473,526,0,0,0,0.0
x86_64,result-ubuntu-24.04-N101-kv-bursty,fifo,101,bursty,kv,4,2.0,200,120,80,49589,24794.5,0.201422,0.189039,0.35787,0.480879,1.607219,0.999143,461,513,0,17281,0,0.0
x86_64,result-ubuntu-24.04-N101-kv-bursty,waiter,101,bursty,kv,4,2.0,200,120,80,50815,25407.5,0.092707,0.089054,0.13979,0.161084,0.532412,0.999096,475,526,0,0,0,0.0
x86_64,result-ubuntu-24.04-N101-kv-bursty,agemwis,101,bursty,kv,4,2.0,200,120,80,49763,24881.5,0.185009,0.178709,0.299339,0.388629,0.950631,0.99912,464,515,0,17075,0,0.0
x86_64,result-ubuntu-24.04-N101-kv-bursty,gfgrr,101,bursty,kv,5,2.0,200,120,80,49028,24514.0,0.195011,0.178999,0.328515,0.602511,2.323503,0.998856,450,510,0,16735,27981,1.495762
x86_64,result-ubuntu-24.04-N101-kv-bursty,dguard,101,bursty,kv,5,2.0,200,120,80,50274,25137.0,0.004621,9.1e-05,0.00032,0.134386,0.739413,0.998754,460,527,0,0,0,0.0
x86_64,result-ubuntu-24.04-N101-kv-bursty,fifo,101,bursty,kv,5,2.0,200,120,80,48982,24491.0,0.201162,0.189685,0.355894,0.476395,1.865284,0.998835,449,509,0,17226,0,0.0
x86_64,result-ubuntu-24.04-N101-kv-bursty,waiter,101,bursty,kv,5,2.0,200,120,80,50315,25157.5,0.092765,0.089054,0.139716,0.162906,1.045221,0.99876,461,529,0,0,0,0.0
x86_64,result-ubuntu-24.04-N101-kv-bursty,agemwis,101,bursty,kv,5,2.0,200,120,80,49145,24572.5,0.186201,0.179765,0.300582,0.398138,1.879751,0.998832,451,512,0,17013,0,0.0
x86_64,result-ubuntu-24.04-N101-kv-bursty,gfgrr,101,bursty,kv,6,2.0,200,120,80,50309,25154.5,0.194069,0.17894,0.322919,0.59837,2.564856,0.998886,474,524,0,16667,28673,1.028037
x86_64,result-ubuntu-24.04-N101-kv-bursty,dguard,101,bursty,kv,6,2.0,200,120,80,51695,25847.5,0.00447,9.1e-05,0.00032,0.132862,0.308569,0.998864,487,538,0,0,0,0.0
x86_64,result-ubuntu-24.04-N101-kv-bursty,fifo,101,bursty,kv,6,2.0,200,120,80,50185,25092.5,0.204497,0.190427,0.364555,0.511348,1.623444,0.998899,472,521,0,17093,0,0.0
x86_64,result-ubuntu-24.04-N101-kv-bursty,waiter,101,bursty,kv,6,2.0,200,120,80,51737,25868.5,0.092291,0.088998,0.138109,0.157561,0.452892,0.99886,488,539,0,0,0,0.0
x86_64,result-ubuntu-24.04-N101-kv-bursty,agemwis,101,bursty,kv,6,2.0,200,120,80,50087,25043.5,0.207007,0.18561,0.394472,0.730768,2.263388,0.998874,472,520,0,16201,0,0.0
x86_64,result-ubuntu-24.04-N101-kv-bursty,gfgrr,101,bursty,kv,7,2.0,200,120,80,48901,24450.5,0.183708,0.176676,0.299831,0.409907,1.628801,0.998729,454,511,0,17055,27570,0.554865
x86_64,result-ubuntu-24.04-N101-kv-bursty,dguard,101,bursty,kv,7,2.0,200,120,80,49946,24973.0,0.004699,9.1e-05,0.00032,0.13461,1.42873,0.99863,462,524,0,0,0,0.0
x86_64,result-ubuntu-24.04-N101-kv-bursty,fifo,101,bursty,kv,7,2.0,200,120,80,48476,24238.0,0.219424,0.190201,0.389261,1.012976,3.671364,0.998779,452,504,0,16979,0,0.0
x86_64,result-ubuntu-24.04-N101-kv-bursty,waiter,101,bursty,kv,7,2.0,200,120,80,49925,24962.5,0.095218,0.08992,0.142542,0.216857,1.288144,0.998635,462,523,0,0,0,0.0
x86_64,result-ubuntu-24.04-N101-kv-bursty,agemwis,101,bursty,kv,7,2.0,200,120,80,48770,24385.0,0.193613,0.180098,0.323234,0.572023,1.941713,0.998766,453,508,0,16749,0,0.0
x86_64,result-ubuntu-24.04-N101-kv-bursty,gfgrr,101,bursty,kv,8,2.0,200,120,80,48955,24477.5,0.185634,0.177967,0.304746,0.42129,0.968402,0.999127,451,507,0,16976,27880,0.404443
x86_64,result-ubuntu-24.04-N101-kv-bursty,dguard,101,bursty,kv,8,2.0,200,120,80,50072,25036.0,0.004613,9.1e-05,0.00032,0.134476,1.168599,0.99915,464,515,0,0,0,0.0
x86_64,result-ubuntu-24.04-N101-kv-bursty,fifo,101,bursty,kv,8,2.0,200,120,80,48765,24382.5,0.202596,0.18918,0.361871,0.492087,2.440023,0.999109,449,506,0,17263,0,0.0
x86_64,result-ubuntu-24.04-N101-kv-bursty,waiter,101,bursty,kv,8,2.0,200,120,80,50113,25056.5,0.092807,0.08973,0.139469,0.164532,0.629768,0.999142,464,516,0,0,0,0.0
x86_64,result-ubuntu-24.04-N101-kv-bursty,agemwis,101,bursty,kv,8,2.0,200,120,80,48873,24436.5,0.191165,0.179906,0.313969,0.521369,1.891907,0.999113,450,508,0,16883,0,0.0
arm64,result-ubuntu-24.04-arm-N101-sleep-bursty,gfgrr,101,bursty,sleep,1,2.0,200,120,80,31470,15735.0,0.85489,0.360356,2.759531,3.96841,9.155178,0.999163,293,328,0,18506,26681,8.705474
arm64,result-ubuntu-24.04-arm-N101-sleep-bursty,dguard,101,bursty,sleep,1,2.0,200,120,80,31842,15921.0,0.7048,0.263468,2.57383,3.823068,9.513746,0.999035,294,332,0,0,0,0.0
arm64,result-ubuntu-24.04-arm-N101-sleep-bursty,fifo,101,bursty,sleep,1,2.0,200,120,80,8941,4470.5,17.00172,16.964299,22.583171,24.766643,28.026151,0.999796,86,91,0,13346,0,0.0
arm64,result-ubuntu-24.04-arm-N101-sleep-bursty,waiter,101,bursty,sleep,1,2.0,200,120,80,31187,15593.5,0.911231,0.385882,3.21745,5.068666,11.474396,0.999053,286,328,0,0,0,0.0
arm64,result-ubuntu-24.04-arm-N101-sleep-bursty,agemwis,101,bursty,sleep,1,2.0,200,120,80,31503,15751.5,0.851479,0.355672,2.750493,3.927807,8.03096,0.99915,291,328,0,18689,0,0.0
arm64,result-ubuntu-24.04-arm-N101-sleep-bursty,gfgrr,101,bursty,sleep,2,2.0,200,120,80,31665,15832.5,0.849031,0.373648,2.716093,3.894618,10.440204,0.999259,293,328,0,18601,27101,10.171892
arm64,result-ubuntu-24.04-arm-N101-sleep-bursty,dguard,101,bursty,sleep,2,2.0,200,120,80,32020,16010.0,0.702535,0.262689,2.585318,3.781234,9.476832,0.999262,294,332,0,0,0,0.0
arm64,result-ubuntu-24.04-arm-N101-sleep-bursty,fifo,101,bursty,sleep,2,2.0,200,120,80,9089,4544.5,16.80467,16.790259,22.122582,24.390712,26.957494,0.999769,87,92,0,13462,0,0.0
arm64,result-ubuntu-24.04-arm-N101-sleep-bursty,waiter,101,bursty,sleep,2,2.0,200,120,80,31349,15674.5,0.907753,0.382384,3.231137,5.161106,11.549292,0.999227,291,325,0,0,0,0.0
arm64,result-ubuntu-24.04-arm-N101-sleep-bursty,agemwis,101,bursty,sleep,2,2.0,200,120,80,31715,15857.5,0.839362,0.330153,2.743886,3.945549,8.738857,0.999307,294,328,0,18648,0,0.0
arm64,result-ubuntu-24.04-arm-N101-sleep-bursty,gfgrr,101,bursty,sleep,3,2.0,200,120,80,31402,15701.0,0.850562,0.367737,2.730304,3.827256,7.897896,0.999282,291,330,0,18665,26768,7.669336
arm64,result-ubuntu-24.04-arm-N101-sleep-bursty,dguard,101,bursty,sleep,3,2.0,200,120,80,31763,15881.5,0.700324,0.255857,2.584169,3.753775,7.522328,0.999242,291,332,0,0,0,0.0
arm64,result-ubuntu-24.04-arm-N101-sleep-bursty,fifo,101,bursty,sleep,3,2.0,200,120,80,8696,4348.0,17.54324,17.210154,23.859231,26.909065,29.923167,0.999737,82,90,0,13302,0,0.0
arm64,result-ubuntu-24.04-arm-N101-sleep-bursty,waiter,101,bursty,sleep,3,2.0,200,120,80,31099,15549.5,0.907624,0.388627,3.213686,5.124237,11.239868,0.999251,289,328,0,0,0,0.0
arm64,result-ubuntu-24.04-arm-N101-sleep-bursty,agemwis,101,bursty,sleep,3,2.0,200,120,80,31456,15728.0,0.840559,0.327178,2.729199,3.914525,6.797608,0.999242,294,330,0,18728,0,0.0
arm64,result-ubuntu-24.04-arm-N101-sleep-bursty,gfgrr,101,bursty,sleep,4,2.0,200,120,80,31928,15964.0,0.855678,0.379785,2.739736,3.90633,7.806209,0.999704,303,330,0,18639,27189,7.649986
arm64,result-ubuntu-24.04-arm-N101-sleep-bursty,dguard,101,bursty,sleep,4,2.0,200,120,80,32314,16157.0,0.698605,0.266255,2.558442,3.773771,8.870617,0.999746,309,335,0,0,0,0.0
arm64,result-ubuntu-24.04-arm-N101-sleep-bursty,fifo,101,bursty,sleep,4,2.0,200,120,80,8765,4382.5,17.521329,17.235725,23.484132,28.24558,32.301785,0.999809,84,90,0,13222,0,0.0
arm64,result-ubuntu-24.04-arm-N101-sleep-bursty,waiter,101,bursty,sleep,4,2.0,200,120,80,31588,15794.0,0.922027,0.404987,3.261157,5.190452,11.586803,0.999681,297,326,0,0,0,0.0
arm64,result-ubuntu-24.04-arm-N101-sleep-bursty,agemwis,101,bursty,sleep,4,2.0,200,120,80,31969,15984.5,0.844985,0.356605,2.740643,3.836989,8.936664,0.999741,300,330,0,18754,0,0.0
arm64,result-ubuntu-24.04-arm-N101-sleep-bursty,gfgrr,101,bursty,sleep,5,2.0,200,120,80,31541,15770.5,0.868292,0.37862,2.76151,3.951334,7.999433,0.999544,297,328,0,18593,26804,7.842977
arm64,result-ubuntu-24.04-arm-N101-sleep-bursty,dguard,101,bursty,sleep,5,2.0,200,120,80,31925,15962.5,0.716371,0.278379,2.598542,3.793865,7.584942,0.999573,301,330,0,0,0,0.0
arm64,result-ubuntu-24.04-arm-N101-sleep-bursty,fifo,101,bursty,sleep,5,2.0,200,120,80,8911,4455.5,17.022721,16.729082,22.859455,25.360497,29.670522,0.99969,83,92,0,13398,0,0.0
arm64,result-ubuntu-24.04-arm-N101-sleep-bursty,waiter,101,bursty,sleep,5,2.0,200,120,80,31122,15561.0,0.94905,0.437449,3.322907,5.14076,11.608224,0.999506,290,322,0,0,0,0.0
arm64,result-ubuntu-24.04-arm-N101-sleep-bursty,agemwis,101,bursty,sleep,5,2.0,200,120,80,31576,15788.0,0.864118,0.366716,2.795092,3.979006,8.563286,0.999604,300,326,0,18683,0,0.0
arm64,result-ubuntu-24.04-arm-N101-sleep-bursty,gfgrr,101,bursty,sleep,6,2.0,200,120,80,31784,15892.0,0.866783,0.392939,2.760003,3.9773,8.568179,0.999259,296,333,0,18542,27251,8.38474
arm64,result-ubuntu-24.04-arm-N101-sleep-bursty,dguard,101,bursty,sleep,6,2.0,200,120,80,32208,16104.0,0.707989,0.271142,2.565053,3.744171,11.071203,0.999267,300,338,0,0,0,0.0
arm64,result-ubuntu-24.04-arm-N101-sleep-bursty,fifo,101,bursty,sleep,6,2.0,200,120,80,8971,4485.5,17.049579,17.03097,22.312648,24.13681,26.526133,0.999773,86,92,0,13287,0,0.0
arm64,result-ubuntu-24.04-arm-N101-sleep-bursty,waiter,101,bursty,sleep,6,2.0,200,120,80,31457,15728.5,0.932211,0.42304,3.243326,5.199272,13.565947,0.999181,291,335,0,0,0,0.0
arm64,result-ubuntu-24.04-arm-N101-sleep-bursty,agemwis,101,bursty,sleep,6,2.0,200,120,80,31813,15906.5,0.864485,0.379763,2.773447,3.964384,7.229448,0.999209,294,335,0,18628,0,0.0
arm64,result-ubuntu-24.04-arm-N101-sleep-bursty,gfgrr,101,bursty,sleep,7,2.0,200,120,80,31495,15747.5,0.861758,0.366507,2.760754,3.892897,7.310907,0.999254,292,332,0,18578,26840,7.174771
arm64,result-ubuntu-24.04-arm-N101-sleep-bursty,dguard,101,bursty,sleep,7,2.0,200,120,80,31933,15966.5,0.699054,0.257593,2.558173,3.675005,9.256248,0.99929,296,338,0,0,0,0.0
arm64,result-ubuntu-24.04-arm-N101-sleep-bursty,fifo,101,bursty,sleep,7,2.0,200,120,80,8742,4371.0,17.529822,17.347621,23.581148,26.497628,31.170259,0.999742,83,90,0,13238,0,0.0
arm64,result-ubuntu-24.04-arm-N101-sleep-bursty,waiter,101,bursty,sleep,7,2.0,200,120,80,31185,15592.5,0.922654,0.410728,3.233195,5.174213,12.708785,0.999207,287,331,0,0,0,0.0
arm64,result-ubuntu-24.04-arm-N101-sleep-bursty,agemwis,101,bursty,sleep,7,2.0,200,120,80,31528,15764.0,0.856109,0.355623,2.771083,4.001943,8.285251,0.999248,289,334,0,18696,0,0.0
arm64,result-ubuntu-24.04-arm-N101-sleep-bursty,gfgrr,101,bursty,sleep,8,2.0,200,120,80,31262,15631.0,0.859209,0.372499,2.789258,3.948888,8.620384,0.999047,286,327,0,18650,26589,8.487464
arm64,result-ubuntu-24.04-arm-N101-sleep-bursty,dguard,101,bursty,sleep,8,2.0,200,120,80,31667,15833.5,0.703071,0.261609,2.563596,3.797832,7.697677,0.999012,287,331,0,0,0,0.0
arm64,result-ubuntu-24.04-arm-N101-sleep-bursty,fifo,101,bursty,sleep,8,2.0,200,120,80,8952,4476.0,16.896008,16.755604,22.694035,24.49581,26.300995,0.999582,83,92,0,13487,0,0.0
arm64,result-ubuntu-24.04-arm-N101-sleep-bursty,waiter,101,bursty,sleep,8,2.0,200,120,80,30931,15465.5,0.923795,0.395787,3.252737,5.150287,10.611413,0.998974,279,323,0,0,0,0.0
arm64,result-ubuntu-24.04-arm-N101-sleep-bursty,agemwis,101,bursty,sleep,8,2.0,200,120,80,31327,15663.5,0.848563,0.33263,2.748742,3.883404,8.148555,0.999093,285,327,0,18726,0,0.0
arm64,result-ubuntu-24.04-arm-N101-sleep-saturated,gfgrr,101,saturated,sleep,1,2.0,200,120,80,51897,25948.5,2.276534,0.272784,11.346618,20.051895,56.723201,0.996834,450,583,0,17974,54986,56.479667
arm64,result-ubuntu-24.04-arm-N101-sleep-saturated,dguard,101,saturated,sleep,1,2.0,200,120,80,47684,23842.0,2.499423,0.979195,10.587579,16.124127,47.122205,0.998495,430,518,0,0,0,0.0
arm64,result-ubuntu-24.04-arm-N101-sleep-saturated,fifo,101,saturated,sleep,1,2.0,200,120,80,1159,579.5,171.944497,172.440378,180.362469,181.669313,182.949313,0.99811,11,12,0,6744,0,0.0
arm64,result-ubuntu-24.04-arm-N101-sleep-saturated,waiter,101,saturated,sleep,1,2.0,200,120,80,1155,577.5,90.737819,0.101467,501.190363,1948.852308,1966.325824,0.138426,1,129,0,0,0,0.0
arm64,result-ubuntu-24.04-arm-N101-sleep-saturated,agemwis,101,saturated,sleep,1,2.0,200,120,80,55841,27920.5,1.960519,0.16102,2.02778,52.817652,459.799586,0.948234,341,763,0,18088,0,0.0
arm64,result-ubuntu-24.04-arm-N101-sleep-saturated,gfgrr,101,saturated,sleep,2,2.0,200,120,80,51848,25924.0,2.277168,0.275916,11.087626,19.73033,62.539108,0.998555,472,551,0,18024,55111,62.348814
arm64,result-ubuntu-24.04-arm-N101-sleep-saturated,dguard,101,saturated,sleep,2,2.0,200,120,80,47592,23796.0,2.506707,0.916619,10.557265,16.810821,51.550865,0.998031,425,519,0,0,0,0.0
arm64,result-ubuntu-24.04-arm-N101-sleep-saturated,fifo,101,saturated,sleep,2,2.0,200,120,80,1324,662.0,151.023599,151.860576,163.722627,165.880227,167.428371,0.999436,13,14,0,6737,0,0.0
arm64,result-ubuntu-24.04-arm-N101-sleep-saturated,waiter,101,saturated,sleep,2,2.0,200,120,80,1167,583.5,69.345338,0.097691,149.615948,1937.531568,2101.340359,0.076758,0,257,28,0,0,0.0
arm64,result-ubuntu-24.04-arm-N101-sleep-saturated,agemwis,101,saturated,sleep,2,2.0,200,120,80,56074,28037.0,2.005161,0.160668,1.834971,45.134051,424.438903,0.964572,376,727,0,18070,0,0.0
arm64,result-ubuntu-24.04-arm-N101-sleep-saturated,gfgrr,101,saturated,sleep,3,2.0,200,120,80,51896,25948.0,2.274372,0.273764,11.060804,19.406034,53.89933,0.996003,446,582,0,18018,55048,53.466599
arm64,result-ubuntu-24.04-arm-N101-sleep-saturated,dguard,101,saturated,sleep,3,2.0,200,120,80,47544,23772.0,2.511763,0.924254,10.699952,16.995376,46.47059,0.998363,430,516,0,0,0,0.0
arm64,result-ubuntu-24.04-arm-N101-sleep-saturated,fifo,101,saturated,sleep,3,2.0,200,120,80,1942,971.0,103.018202,102.985125,109.329835,111.228298,113.751715,0.999525,19,20,0,6912,0,0.0
arm64,result-ubuntu-24.04-arm-N101-sleep-saturated,waiter,101,saturated,sleep,3,2.0,200,120,80,1159,579.5,49.035076,0.100555,127.878039,1250.289679,1929.548812,0.100304,0,183,35,0,0,0.0
arm64,result-ubuntu-24.04-arm-N101-sleep-saturated,agemwis,101,saturated,sleep,3,2.0,200,120,80,55957,27978.5,2.018315,0.16154,2.600305,62.853176,350.773835,0.952498,372,734,0,18106,0,0.0
arm64,result-ubuntu-24.04-arm-N101-sleep-saturated,gfgrr,101,saturated,sleep,4,2.0,200,120,80,51972,25986.0,2.272871,0.275084,11.098917,19.07375,52.099467,0.997804,458,565,0,17979,55171,51.802067
arm64,result-ubuntu-24.04-arm-N101-sleep-saturated,dguard,101,saturated,sleep,4,2.0,200,120,80,47875,23937.5,2.489574,0.956171,10.49757,16.133622,39.520709,0.998734,432,514,0,0,0,0.0
arm64,result-ubuntu-24.04-arm-N101-sleep-saturated,fifo,101,saturated,sleep,4,2.0,200,120,80,4028,2014.0,48.928823,43.786383,78.023261,85.01439,89.205675,0.999897,39,41,0,7693,0,0.0
arm64,result-ubuntu-24.04-arm-N101-sleep-saturated,waiter,101,saturated,sleep,4,2.0,200,120,80,1167,583.5,70.713422,0.099379,153.544679,1980.544289,2029.560349,0.080854,0,257,25,0,0,0.0
arm64,result-ubuntu-24.04-arm-N101-sleep-saturated,agemwis,101,saturated,sleep,4,2.0,200,120,80,56230,28115.0,1.985319,0.160577,1.848754,57.497516,482.287553,0.923602,335,781,0,18210,0,0.0
arm64,result-ubuntu-24.04-arm-N101-sleep-saturated,gfgrr,101,saturated,sleep,5,2.0,200,120,80,51578,25789.0,2.292056,0.274384,11.349328,20.012086,68.398152,0.998396,450,576,0,17895,54778,68.047597
arm64,result-ubuntu-24.04-arm-N101-sleep-saturated,dguard,101,saturated,sleep,5,2.0,200,120,80,47133,23566.5,2.532015,0.878881,10.715969,17.099038,47.650479,0.997623,414,508,0,0,0,0.0
arm64,result-ubuntu-24.04-arm-N101-sleep-saturated,fifo,101,saturated,sleep,5,2.0,200,120,80,1152,576.0,173.951247,173.989742,183.370543,184.842508,186.363062,0.99815,11,12,0,6760,0,0.0
arm64,result-ubuntu-24.04-arm-N101-sleep-saturated,waiter,101,saturated,sleep,5,2.0,200,120,80,1175,587.5,41.512884,0.100027,135.400868,1010.471782,2086.310867,0.150316,0,129,31,0,0,0.0
arm64,result-ubuntu-24.04-arm-N101-sleep-saturated,agemwis,101,saturated,sleep,5,2.0,200,120,80,55671,27835.5,2.003239,0.161444,2.369831,58.862772,398.119591,0.967851,384,728,0,18063,0,0.0
arm64,result-ubuntu-24.04-arm-N101-sleep-saturated,gfgrr,101,saturated,sleep,6,2.0,200,120,80,51676,25838.0,2.279763,0.277643,10.990115,19.743274,44.924949,0.998717,471,552,0,17867,54878,44.760528
arm64,result-ubuntu-24.04-arm-N101-sleep-saturated,dguard,101,saturated,sleep,6,2.0,200,120,80,47538,23769.0,2.509528,0.988852,10.544011,16.609577,36.079391,0.998935,436,512,0,0,0,0.0
arm64,result-ubuntu-24.04-arm-N101-sleep-saturated,fifo,101,saturated,sleep,6,2.0,200,120,80,1435,717.5,139.644393,140.71627,158.098332,160.565587,162.078516,0.999185,14,15,0,6757,0,0.0
arm64,result-ubuntu-24.04-arm-N101-sleep-saturated,waiter,101,saturated,sleep,6,2.0,200,120,80,1155,577.5,83.269023,0.101506,608.358909,1764.428261,1969.481177,0.321031,1,57,0,0,0,0.0
arm64,result-ubuntu-24.04-arm-N101-sleep-saturated,agemwis,101,saturated,sleep,6,2.0,200,120,80,55970,27985.0,1.992955,0.159428,1.223494,54.21373,454.471204,0.92049,308,804,0,18128,0,0.0
arm64,result-ubuntu-24.04-arm-N101-sleep-saturated,gfgrr,101,saturated,sleep,7,2.0,200,120,80,51606,25803.0,2.286042,0.277632,10.929354,18.657709,45.824908,0.9977,462,562,0,17987,54783,45.6724
arm64,result-ubuntu-24.04-arm-N101-sleep-saturated,dguard,101,saturated,sleep,7,2.0,200,120,80,47423,23711.5,2.514236,0.902161,10.654685,17.166333,49.506675,0.998116,411,528,0,0,0,0.0
arm64,result-ubuntu-24.04-arm-N101-sleep-saturated,fifo,101,saturated,sleep,7,2.0,200,120,80,1252,626.0,159.330336,160.540325,179.425438,181.898288,185.27927,0.998446,12,13,0,6704,0,0.0
arm64,result-ubuntu-24.04-arm-N101-sleep-saturated,waiter,101,saturated,sleep,7,2.0,200,120,80,1173,586.5,76.579143,0.100411,668.063474,1516.521637,1927.880587,0.18092,1,129,0,0,0,0.0
arm64,result-ubuntu-24.04-arm-N101-sleep-saturated,agemwis,101,saturated,sleep,7,2.0,200,120,80,55861,27930.5,2.016593,0.16034,1.786402,55.011847,383.04569,0.975642,431,677,0,18078,0,0.0
arm64,result-ubuntu-24.04-arm-N101-sleep-saturated,gfgrr,101,saturated,sleep,8,2.0,200,120,80,51455,25727.5,2.292788,0.276119,11.145783,19.147635,57.057421,0.998348,457,563,0,17966,54584,56.832775
arm64,result-ubuntu-24.04-arm-N101-sleep-saturated,dguard,101,saturated,sleep,8,2.0,200,120,80,47367,23683.5,2.516158,0.852472,10.677534,17.159784,42.334897,0.998415,407,508,0,0,0,0.0
arm64,result-ubuntu-24.04-arm-N101-sleep-saturated,fifo,101,saturated,sleep,8,2.0,200,120,80,1286,643.0,156.407453,155.861793,167.09652,170.982198,174.6708,0.998793,12,13,0,6769,0,0.0
arm64,result-ubuntu-24.04-arm-N101-sleep-saturated,waiter,101,saturated,sleep,8,2.0,200,120,80,1145,572.5,123.057537,0.102227,1327.459,1736.406975,1799.082194,0.168575,1,184,0,0,0,0.0
arm64,result-ubuntu-24.04-arm-N101-sleep-saturated,agemwis,101,saturated,sleep,8,2.0,200,120,80,55640,27820.0,2.003683,0.160625,2.147146,58.277395,422.075595,0.895922,256,843,0,18106,0,0.0
arm64,result-ubuntu-24.04-arm-N101-kv-saturated,gfgrr,101,saturated,kv,1,2.0,200,120,80,304406,152203.0,0.662498,0.615025,1.139074,1.684314,4.520845,0.992928,2476,3334,0,7476,323801,3.926452
arm64,result-ubuntu-24.04-arm-N101-kv-saturated,dguard,101,saturated,kv,1,2.0,200,120,80,678491,339245.5,0.162867,0.000152,1.315514,1.523003,9.816499,0.999482,6296,7019,0,0,0,0.0
arm64,result-ubuntu-24.04-arm-N101-kv-saturated,fifo,101,saturated,kv,1,2.0,200,120,80,14233,7116.5,14.235981,14.018439,18.802795,20.073651,20.998711,0.999981,140,142,0,11875,0,0.0
arm64,result-ubuntu-24.04-arm-N101-kv-saturated,waiter,101,saturated,kv,1,2.0,200,120,80,20463,10231.5,7.304591,0.09644,0.13306,400.639153,1095.260403,0.240432,2,2681,0,0,0,0.0
arm64,result-ubuntu-24.04-arm-N101-kv-saturated,agemwis,101,saturated,kv,1,2.0,200,120,80,320157,160078.5,0.630027,0.630568,1.180596,1.592917,3.932596,0.994698,2543,3506,0,7358,0,0.0
arm64,result-ubuntu-24.04-arm-N101-kv-saturated,gfgrr,101,saturated,kv,2,2.0,200,120,80,317501,158750.5,0.635254,0.598977,1.072633,1.460346,4.379333,0.992829,2543,3486,0,7638,336912,3.809276
arm64,result-ubuntu-24.04-arm-N101-kv-saturated,dguard,101,saturated,kv,2,2.0,200,120,80,716338,358169.0,0.153272,0.000168,1.305244,1.47838,6.615976,0.999318,6690,7481,0,0,0,0.0
arm64,result-ubuntu-24.04-arm-N101-kv-saturated,fifo,101,saturated,kv,2,2.0,200,120,80,18161,9080.5,11.162676,10.924276,15.830064,17.373055,22.524132,0.999989,179,181,0,13497,0,0.0
arm64,result-ubuntu-24.04-arm-N101-kv-saturated,waiter,101,saturated,kv,2,2.0,200,120,80,20508,10254.0,6.573283,0.095336,0.13228,4.803351,1401.218677,0.238388,1,1837,0,0,0,0.0
arm64,result-ubuntu-24.04-arm-N101-kv-saturated,agemwis,101,saturated,kv,2,2.0,200,120,80,318855,159427.5,0.632558,0.631008,1.219859,1.631261,3.475931,0.993072,2537,3468,0,7392,0,0.0
arm64,result-ubuntu-24.04-arm-N101-kv-saturated,gfgrr,101,saturated,kv,3,2.0,200,120,80,308283,154141.5,0.654086,0.613246,1.115816,1.594613,5.479894,0.992593,2503,3385,0,7430,326752,4.709094
arm64,result-ubuntu-24.04-arm-N101-kv-saturated,dguard,101,saturated,kv,3,2.0,200,120,80,727456,363728.0,0.150886,0.000176,1.301609,1.470565,11.01046,0.997128,6568,7857,0,0,0,0.0
arm64,result-ubuntu-24.04-arm-N101-kv-saturated,fifo,101,saturated,kv,3,2.0,200,120,80,10767,5383.5,18.781041,18.677013,21.758561,22.578929,23.01633,0.999979,106,107,0,10281,0,0.0
arm64,result-ubuntu-24.04-arm-N101-kv-saturated,waiter,101,saturated,kv,3,2.0,200,120,80,20254,10127.0,7.740326,0.09812,0.13332,404.899573,1117.586573,0.339837,2,1395,0,0,0,0.0
arm64,result-ubuntu-24.04-arm-N101-kv-saturated,agemwis,101,saturated,kv,3,2.0,200,120,80,312913,156456.5,0.644565,0.646945,1.229946,1.601305,3.496817,0.992858,2432,3427,0,7216,0,0.0
arm64,result-ubuntu-24.04-arm-N101-kv-saturated,gfgrr,101,saturated,kv,4,2.0,200,120,80,318096,159048.0,0.63402,0.597257,1.077316,1.462883,4.470343,0.99349,2592,3480,0,7717,338056,3.997454
arm64,result-ubuntu-24.04-arm-N101-kv-saturated,dguard,101,saturated,kv,4,2.0,200,120,80,714745,357372.5,0.1544,0.000144,1.307411,1.501035,10.742402,0.999702,6771,7391,0,0,0,0.0
arm64,result-ubuntu-24.04-arm-N101-kv-saturated,fifo,101,saturated,kv,4,2.0,200,120,80,101795,50897.5,1.984758,1.898902,2.876544,3.682354,4.730896,0.999989,1002,1013,0,16820,0,0.0
arm64,result-ubuntu-24.04-arm-N101-kv-saturated,waiter,101,saturated,kv,4,2.0,200,120,80,20409,10204.5,7.393166,0.095482,0.13276,6.24029,1497.973585,0.280148,1,1843,0,0,0,0.0
arm64,result-ubuntu-24.04-arm-N101-kv-saturated,agemwis,101,saturated,kv,4,2.0,200,120,80,317613,158806.5,0.635055,0.635802,1.201288,1.575617,3.567641,0.993761,2507,3453,0,7316,0,0.0
arm64,result-ubuntu-24.04-arm-N101-kv-saturated,gfgrr,101,saturated,kv,5,2.0,200,120,80,316302,158151.0,0.637684,0.601352,1.077093,1.46463,4.985407,0.992464,2515,3452,0,7590,334037,4.460281
arm64,result-ubuntu-24.04-arm-N101-kv-saturated,dguard,101,saturated,kv,5,2.0,200,120,80,707607,353803.5,0.156102,0.00016,1.311107,1.519952,10.172306,0.995697,6252,7810,0,0,0,0.0
arm64,result-ubuntu-24.04-arm-N101-kv-saturated,fifo,101,saturated,kv,5,2.0,200,120,80,12464,6232.0,16.235554,15.990882,19.318132,19.964994,20.583192,0.999984,123,124,0,11324,0,0.0
arm64,result-ubuntu-24.04-arm-N101-kv-saturated,waiter,101,saturated,kv,5,2.0,200,120,80,20503,10251.5,7.115934,0.095181,0.133495,12.560667,1329.163199,0.309617,1,1437,0,0,0,0.0
arm64,result-ubuntu-24.04-arm-N101-kv-saturated,agemwis,101,saturated,kv,5,2.0,200,120,80,314104,157052.0,0.642133,0.639702,1.222445,1.664641,3.822172,0.993921,2559,3422,0,7252,0,0.0
arm64,result-ubuntu-24.04-arm-N101-kv-saturated,gfgrr,101,saturated,kv,6,2.0,200,120,80,322030,161015.0,0.62641,0.591365,1.051205,1.43584,5.44956,0.99316,2566,3528,0,7719,340279,4.914037
arm64,result-ubuntu-24.04-arm-N101-kv-saturated,dguard,101,saturated,kv,6,2.0,200,120,80,713179,356589.5,0.153924,0.000192,1.302935,1.477056,4.277575,0.999777,6836,7306,0,0,0,0.0
arm64,result-ubuntu-24.04-arm-N101-kv-saturated,fifo,101,saturated,kv,6,2.0,200,120,80,10909,5454.5,18.543988,18.584103,21.256567,21.667595,22.241863,0.99998,107,109,0,10484,0,0.0
arm64,result-ubuntu-24.04-arm-N101-kv-saturated,waiter,101,saturated,kv,6,2.0,200,120,80,20409,10204.5,6.531681,0.095611,0.132349,0.285254,1321.959131,0.174135,1,2051,0,0,0,0.0
arm64,result-ubuntu-24.04-arm-N101-kv-saturated,agemwis,101,saturated,kv,6,2.0,200,120,80,324161,162080.5,0.622174,0.627718,1.152608,1.547265,3.850766,0.994808,2626,3538,0,7424,0,0.0
arm64,result-ubuntu-24.04-arm-N101-kv-saturated,gfgrr,101,saturated,kv,7,2.0,200,120,80,316421,158210.5,0.637366,0.599637,1.076246,1.510159,4.422785,0.993187,2555,3459,0,7566,335242,3.778339
arm64,result-ubuntu-24.04-arm-N101-kv-saturated,dguard,101,saturated,kv,7,2.0,200,120,80,691802,345901.0,0.161934,0.000176,1.318149,1.632233,12.129534,0.995972,6265,7771,0,0,0,0.0
arm64,result-ubuntu-24.04-arm-N101-kv-saturated,fifo,101,saturated,kv,7,2.0,200,120,80,10785,5392.5,18.752651,18.924282,21.261296,21.900327,22.269286,0.999973,106,108,0,10428,0,0.0
arm64,result-ubuntu-24.04-arm-N101-kv-saturated,waiter,101,saturated,kv,7,2.0,200,120,80,20325,10162.5,6.741534,0.096299,0.132699,0.140406,1466.985128,0.258815,1,1497,0,0,0,0.0
arm64,result-ubuntu-24.04-arm-N101-kv-saturated,agemwis,101,saturated,kv,7,2.0,200,120,80,314022,157011.0,0.642302,0.643914,1.20437,1.571491,3.022881,0.993822,2511,3400,0,7259,0,0.0
arm64,result-ubuntu-24.04-arm-N101-kv-saturated,gfgrr,101,saturated,kv,8,2.0,200,120,80,324542,162271.0,0.621429,0.583228,1.057853,1.465899,4.561718,0.99297,2663,3577,0,7840,342823,4.184056
arm64,result-ubuntu-24.04-arm-N101-kv-saturated,dguard,101,saturated,kv,8,2.0,200,120,80,736083,368041.5,0.148517,0.000176,1.297533,1.447638,8.998664,0.999537,6878,7663,0,0,0,0.0
arm64,result-ubuntu-24.04-arm-N101-kv-saturated,fifo,101,saturated,kv,8,2.0,200,120,80,107804,53902.0,1.872902,1.854385,2.292143,2.516063,3.953313,0.999991,1062,1073,0,16883,0,0.0
arm64,result-ubuntu-24.04-arm-N101-kv-saturated,waiter,101,saturated,kv,8,2.0,200,120,80,20298,10149.0,7.625974,0.097284,0.133236,27.740924,1363.588275,0.189206,1,3186,0,0,0,0.0
arm64,result-ubuntu-24.04-arm-N101-kv-saturated,agemwis,101,saturated,kv,8,2.0,200,120,80,325757,162878.5,0.619068,0.618022,1.177527,1.587102,3.616573,0.994119,2648,3566,0,7505,0,0.0
x86_64,result-ubuntu-24.04-N101-sleep-bursty,gfgrr,101,bursty,sleep,1,2.0,200,120,80,31293,15646.5,0.878821,0.380054,2.812859,3.960072,9.084682,0.999095,291,328,0,17788,26555,8.966505
x86_64,result-ubuntu-24.04-N101-sleep-bursty,dguard,101,bursty,sleep,1,2.0,200,120,80,31546,15773.0,0.724706,0.276245,2.654762,3.834538,9.291504,0.999202,295,329,0,0,0,0.0
x86_64,result-ubuntu-24.04-N101-sleep-bursty,fifo,101,bursty,sleep,1,2.0,200,120,80,8975,4487.5,16.929765,16.868811,22.332043,23.919769,25.887637,0.999792,86,91,0,13011,0,0.0
x86_64,result-ubuntu-24.04-N101-sleep-bursty,waiter,101,bursty,sleep,1,2.0,200,120,80,31111,15555.5,0.918296,0.380885,3.259863,5.032592,11.960199,0.999062,289,328,0,0,0,0.0
x86_64,result-ubuntu-24.04-N101-sleep-bursty,agemwis,101,bursty,sleep,1,2.0,200,120,80,31364,15682.0,0.864801,0.373815,2.781977,3.891137,9.258339,0.999089,289,331,0,17767,0,0.0
x86_64,result-ubuntu-24.04-N101-sleep-bursty,gfgrr,101,bursty,sleep,2,2.0,200,120,80,31542,15771.0,0.865416,0.375361,2.779797,3.958183,9.473947,0.999326,293,326,0,17903,26934,9.326563
x86_64,result-ubuntu-24.04-N101-sleep-bursty,dguard,101,bursty,sleep,2,2.0,200,120,80,31762,15881.0,0.713686,0.267316,2.610607,3.847926,9.574849,0.999316,292,329,0,0,0,0.0
x86_64,result-ubuntu-24.04-N101-sleep-bursty,fifo,101,bursty,sleep,2,2.0,200,120,80,9021,4510.5,17.019857,16.69778,23.218927,26.81797,32.537676,0.999762,86,92,0,13097,0,0.0
x86_64,result-ubuntu-24.04-N101-sleep-bursty,waiter,101,bursty,sleep,2,2.0,200,120,80,31312,15656.0,0.907714,0.404516,3.170391,4.851244,12.065246,0.999167,288,325,0,0,0,0.0
x86_64,result-ubuntu-24.04-N101-sleep-bursty,agemwis,101,bursty,sleep,2,2.0,200,120,80,31546,15773.0,0.86192,0.364086,2.772828,3.955266,9.292654,0.999234,291,332,0,17863,0,0.0
x86_64,result-ubuntu-24.04-N101-sleep-bursty,gfgrr,101,bursty,sleep,3,2.0,200,120,80,31265,15632.5,0.866347,0.375022,2.795609,3.972912,9.767237,0.999173,291,330,0,18010,26573,9.605294
x86_64,result-ubuntu-24.04-N101-sleep-bursty,dguard,101,bursty,sleep,3,2.0,200,120,80,31423,15711.5,0.719901,0.26715,2.641937,3.872249,8.694888,0.999288,293,329,0,0,0,0.0
x86_64,result-ubuntu-24.04-N101-sleep-bursty,fifo,101,bursty,sleep,3,2.0,200,120,80,8835,4417.5,17.21493,17.31254,22.650434,24.077152,26.346657,0.999714,84,91,0,13021,0,0.0
x86_64,result-ubuntu-24.04-N101-sleep-bursty,waiter,101,bursty,sleep,3,2.0,200,120,80,31094,15547.0,0.898949,0.376765,3.148804,4.864199,12.423328,0.999245,291,331,0,0,0,0.0
x86_64,result-ubuntu-24.04-N101-sleep-bursty,agemwis,101,bursty,sleep,3,2.0,200,120,80,31245,15622.5,0.869159,0.35709,2.815157,4.049747,7.54964,0.999166,290,328,0,17585,0,0.0
x86_64,result-ubuntu-24.04-N101-sleep-bursty,gfgrr,101,bursty,sleep,4,2.0,200,120,80,31600,15800.0,0.901114,0.435453,2.843955,4.064961,9.497575,0.999777,303,328,0,17404,26860,9.011853
x86_64,result-ubuntu-24.04-N101-sleep-bursty,dguard,101,bursty,sleep,4,2.0,200,120,80,31977,15988.5,0.724242,0.308537,2.620009,3.811226,9.12945,0.999762,307,331,0,0,0,0.0
x86_64,result-ubuntu-24.04-N101-sleep-bursty,fifo,101,bursty,sleep,4,2.0,200,120,80,9002,4501.0,16.974278,16.69797,22.23731,25.306408,27.967225,0.999804,86,92,0,13073,0,0.0
x86_64,result-ubuntu-24.04-N101-sleep-bursty,waiter,101,bursty,sleep,4,2.0,200,120,80,31493,15746.5,0.930491,0.425665,3.235366,5.077558,11.106148,0.999677,296,326,0,0,0,0.0
x86_64,result-ubuntu-24.04-N101-sleep-bursty,agemwis,101,bursty,sleep,4,2.0,200,120,80,31818,15909.0,0.868165,0.380536,2.784163,3.950793,8.409463,0.999742,304,328,0,17955,0,0.0
x86_64,result-ubuntu-24.04-N101-sleep-bursty,gfgrr,101,bursty,sleep,5,2.0,200,120,80,31388,15694.0,0.8879,0.405573,2.812965,4.014479,9.417858,0.999578,296,323,0,17942,26836,9.140109
x86_64,result-ubuntu-24.04-N101-sleep-bursty,dguard,101,bursty,sleep,5,2.0,200,120,80,31567,15783.5,0.737184,0.309447,2.656505,3.905475,7.475696,0.999575,296,326,0,0,0,0.0
x86_64,result-ubuntu-24.04-N101-sleep-bursty,fifo,101,bursty,sleep,5,2.0,200,120,80,8869,4434.5,17.187974,17.141541,22.365739,23.997275,25.703718,0.999698,84,91,0,13039,0,0.0
x86_64,result-ubuntu-24.04-N101-sleep-bursty,waiter,101,bursty,sleep,5,2.0,200,120,80,31155,15577.5,0.93618,0.433575,3.255695,5.041625,10.966799,0.999519,294,324,0,0,0,0.0
x86_64,result-ubuntu-24.04-N101-sleep-bursty,agemwis,101,bursty,sleep,5,2.0,200,120,80,31445,15722.5,0.877123,0.387627,2.790813,3.930939,8.128916,0.999609,297,326,0,17866,0,0.0
x86_64,result-ubuntu-24.04-N101-sleep-bursty,gfgrr,101,bursty,sleep,6,2.0,200,120,80,31649,15824.5,0.8836,0.404422,2.793463,3.927392,11.178607,0.999256,293,331,0,17877,27107,11.069283
x86_64,result-ubuntu-24.04-N101-sleep-bursty,dguard,101,bursty,sleep,6,2.0,200,120,80,31801,15900.5,0.73441,0.30387,2.641926,3.906478,10.313669,0.999125,294,338,0,0,0,0.0
x86_64,result-ubuntu-24.04-N101-sleep-bursty,fifo,101,bursty,sleep,6,2.0,200,120,80,8843,4421.5,17.374218,17.341662,22.450561,25.857428,30.74325,0.999733,84,91,0,12919,0,0.0
x86_64,result-ubuntu-24.04-N101-sleep-bursty,waiter,101,bursty,sleep,6,2.0,200,120,80,31343,15671.5,0.944279,0.442059,3.295472,5.059198,9.783569,0.999121,288,337,0,0,0,0.0
x86_64,result-ubuntu-24.04-N101-sleep-bursty,agemwis,101,bursty,sleep,6,2.0,200,120,80,31704,15852.0,0.873953,0.390991,2.81102,3.962418,10.737122,0.999166,293,335,0,17880,0,0.0
x86_64,result-ubuntu-24.04-N101-sleep-bursty,gfgrr,101,bursty,sleep,7,2.0,200,120,80,31271,15635.5,0.893012,0.419044,2.835389,4.052784,8.292693,0.999254,290,333,0,17566,26586,8.073684
x86_64,result-ubuntu-24.04-N101-sleep-bursty,dguard,101,bursty,sleep,7,2.0,200,120,80,31558,15779.0,0.723345,0.28434,2.635242,3.866052,10.011375,0.999169,293,333,0,0,0,0.0
x86_64,result-ubuntu-24.04-N101-sleep-bursty,fifo,101,bursty,sleep,7,2.0,200,120,80,8814,4407.0,17.357996,17.2245,22.857939,25.338249,28.486609,0.999782,84,90,0,12979,0,0.0
x86_64,result-ubuntu-24.04-N101-sleep-bursty,waiter,101,bursty,sleep,7,2.0,200,120,80,30931,15465.5,0.948795,0.430341,3.306538,5.24962,9.263613,0.999231,288,326,0,0,0,0.0
x86_64,result-ubuntu-24.04-N101-sleep-bursty,agemwis,101,bursty,sleep,7,2.0,200,120,80,31377,15688.5,0.87562,0.39041,2.773495,3.993242,7.765046,0.999353,290,329,0,17777,0,0.0
x86_64,result-ubuntu-24.04-N101-sleep-bursty,gfgrr,101,bursty,sleep,8,2.0,200,120,80,31132,15566.0,0.87803,0.393656,2.804053,3.912705,8.015235,0.999144,285,323,0,17775,26354,7.799297
x86_64,result-ubuntu-24.04-N101-sleep-bursty,dguard,101,bursty,sleep,8,2.0,200,120,80,31355,15677.5,0.720438,0.274476,2.630335,3.848472,9.182293,0.999049,285,327,0,0,0,0.0
x86_64,result-ubuntu-24.04-N101-sleep-bursty,fifo,101,bursty,sleep,8,2.0,200,120,80,8823,4411.5,17.219616,17.265163,22.515085,25.161795,27.694184,0.999539,83,91,0,12882,0,0.0
x86_64,result-ubuntu-24.04-N101-sleep-bursty,waiter,101,bursty,sleep,8,2.0,200,120,80,30599,15299.5,0.964308,0.423621,3.382798,5.410808,12.451942,0.999009,277,318,0,0,0,0.0
x86_64,result-ubuntu-24.04-N101-sleep-bursty,agemwis,101,bursty,sleep,8,2.0,200,120,80,31164,15582.0,0.865114,0.355372,2.792216,3.96028,8.373723,0.999057,283,325,0,17844,0,0.0
arm64,result-ubuntu-24.04-arm-N501-ledger-saturated,gfgrr,501,saturated,ledger,1,2.0,200,120,80,337778,168889.0,2.965632,2.900395,3.664913,5.933141,28.082774,0.997365,482,695,0,1486,358968,26.127
arm64,result-ubuntu-24.04-arm-N501-ledger-saturated,dguard,501,saturated,ledger,1,2.0,200,120,80,556067,278033.5,1.196532,0.761119,4.485115,8.638872,40.798269,0.98145,831,1416,0,0,0,0.0
arm64,result-ubuntu-24.04-arm-N501-ledger-saturated,fifo,501,saturated,ledger,1,2.0,200,120,80,11289,5644.5,89.195103,88.949259,97.532817,99.92903,100.326971,0.99951,22,23,0,10693,0,0.0
arm64,result-ubuntu-24.04-arm-N501-ledger-saturated,waiter,501,saturated,ledger,1,2.0,200,120,80,20595,10297.5,11.374825,0.096025,0.133159,372.554099,2116.347993,0.069948,0,1419,242,0,0,0.0
arm64,result-ubuntu-24.04-arm-N501-ledger-saturated,agemwis,501,saturated,ledger,1,2.0,200,120,80,349207,174603.5,2.868135,2.832329,5.395774,7.406854,21.00187,0.996452,484,770,0,1538,0,0.0
arm64,result-ubuntu-24.04-arm-N501-ledger-saturated,gfgrr,501,saturated,ledger,2,2.0,200,120,80,351313,175656.5,2.851167,2.755894,3.652139,5.484929,19.868438,0.99706,508,723,0,1548,372147,23.558955
arm64,result-ubuntu-24.04-arm-N501-ledger-saturated,dguard,501,saturated,ledger,2,2.0,200,120,80,541292,270646.0,1.249726,0.0002,5.819078,9.21895,44.573866,0.813354,745,2995,0,0,0,0.0
arm64,result-ubuntu-24.04-arm-N501-ledger-saturated,fifo,501,saturated,ledger,2,2.0,200,120,80,10320,5160.0,97.485031,97.023464,105.418211,110.238089,110.725109,0.999434,20,21,0,10324,0,0.0
arm64,result-ubuntu-24.04-arm-N501-ledger-saturated,waiter,501,saturated,ledger,2,2.0,200,120,80,20886,10443.0,41.02956,0.095743,0.134158,1938.898386,1994.396557,0.064229,1,1303,0,0,0,0.0
arm64,result-ubuntu-24.04-arm-N501-ledger-saturated,agemwis,501,saturated,ledger,2,2.0,200,120,80,349991,174995.5,2.862326,2.843058,4.757326,6.301521,15.135853,0.996065,456,801,0,1542,0,0.0
arm64,result-ubuntu-24.04-arm-N501-ledger-saturated,gfgrr,501,saturated,ledger,3,2.0,200,120,80,370284,185142.0,2.705732,2.630824,3.115042,5.206469,37.421038,0.996419,532,760,0,1636,393799,34.892703
arm64,result-ubuntu-24.04-arm-N501-ledger-saturated,dguard,501,saturated,ledger,3,2.0,200,120,80,533937,266968.5,1.254091,0.840213,4.792498,8.851786,35.178879,0.938289,726,1852,0,0,0,0.0
arm64,result-ubuntu-24.04-arm-N501-ledger-saturated,fifo,501,saturated,ledger,3,2.0,200,120,80,129210,64605.0,7.764096,7.358214,11.097775,12.632192,15.308735,0.999993,257,259,0,13779,0,0.0
arm64,result-ubuntu-24.04-arm-N501-ledger-saturated,waiter,501,saturated,ledger,3,2.0,200,120,80,20569,10284.5,12.30365,0.09621,0.133264,535.211308,2117.318244,0.065307,0,1238,206,0,0,0.0
arm64,result-ubuntu-24.04-arm-N501-ledger-saturated,agemwis,501,saturated,ledger,3,2.0,200,120,80,345367,172683.5,2.899856,2.880896,4.848732,6.868686,15.800361,0.997805,468,798,0,1487,0,0.0
arm64,result-ubuntu-24.04-arm-N501-ledger-saturated,gfgrr,501,saturated,ledger,4,2.0,200,120,80,352795,176397.5,2.838834,2.795622,3.189196,5.582519,29.002892,0.996568,505,729,0,1562,376212,26.114268
arm64,result-ubuntu-24.04-arm-N501-ledger-saturated,dguard,501,saturated,ledger,4,2.0,200,120,80,538489,269244.5,1.248894,0.000192,6.060793,10.57011,42.391778,0.785345,607,3436,0,0,0,0.0
arm64,result-ubuntu-24.04-arm-N501-ledger-saturated,fifo,501,saturated,ledger,4,2.0,200,120,80,33752,16876.0,29.770015,29.478372,33.53626,34.834641,35.468509,0.999949,67,68,0,13713,0,0.0
arm64,result-ubuntu-24.04-arm-N501-ledger-saturated,waiter,501,saturated,ledger,4,2.0,200,120,80,20647,10323.5,27.694515,0.096858,0.134158,1397.928347,2105.379749,0.066051,0,1938,55,0,0,0.0
arm64,result-ubuntu-24.04-arm-N501-ledger-saturated,agemwis,501,saturated,ledger,4,2.0,200,120,80,341728,170864.0,2.930271,2.901184,4.909892,6.855412,16.724531,0.998029,467,780,0,1483,0,0.0
arm64,result-ubuntu-24.04-arm-N501-ledger-saturated,gfgrr,501,saturated,ledger,5,2.0,200,120,80,365626,182813.0,2.740311,2.646596,3.224425,5.373622,26.762355,0.995274,529,756,0,1606,386586,24.139806
arm64,result-ubuntu-24.04-arm-N501-ledger-saturated,dguard,501,saturated,ledger,5,2.0,200,120,80,540353,270176.5,1.258055,0.0002,5.973033,9.464085,39.189692,0.853583,659,2888,0,0,0,0.0
arm64,result-ubuntu-24.04-arm-N501-ledger-saturated,fifo,501,saturated,ledger,5,2.0,200,120,80,14318,7159.0,70.46262,70.478893,74.944865,75.962247,76.78039,0.999702,28,29,0,11188,0,0.0
arm64,result-ubuntu-24.04-arm-N501-ledger-saturated,waiter,501,saturated,ledger,5,2.0,200,120,80,20421,10210.5,7.238012,0.09541,0.132695,0.1753,2048.974349,0.037451,0,2229,350,0,0,0.0
arm64,result-ubuntu-24.04-arm-N501-ledger-saturated,agemwis,501,saturated,ledger,5,2.0,200,120,80,350394,175197.0,2.858838,2.82818,5.370976,7.105229,20.801157,0.997467,479,793,0,1539,0,0.0
arm64,result-ubuntu-24.04-arm-N501-ledger-saturated,gfgrr,501,saturated,ledger,6,2.0,200,120,80,357375,178687.5,2.802171,2.759928,3.189548,5.416046,16.992343,0.997325,522,733,0,1582,383023,14.189538
arm64,result-ubuntu-24.04-arm-N501-ledger-saturated,dguard,501,saturated,ledger,6,2.0,200,120,80,570476,285238.0,1.072014,0.00016,5.599983,9.595358,40.116324,0.722412,417,3744,0,0,0,0.0
arm64,result-ubuntu-24.04-arm-N501-ledger-saturated,fifo,501,saturated,ledger,6,2.0,200,120,80,11621,5810.5,86.54417,86.235842,93.243796,93.955848,94.755479,0.999708,23,24,0,10786,0,0.0
arm64,result-ubuntu-24.04-arm-N501-ledger-saturated,waiter,501,saturated,ledger,6,2.0,200,120,80,20475,10237.5,13.622662,0.096306,0.133168,669.957206,2078.982085,0.067406,0,1323,210,0,0,0.0
arm64,result-ubuntu-24.04-arm-N501-ledger-saturated,agemwis,501,saturated,ledger,6,2.0,200,120,80,352817,176408.5,2.83965,2.769453,5.449504,7.348095,22.298881,0.996722,467,782,0,1536,0,0.0
arm64,result-ubuntu-24.04-arm-N501-ledger-saturated,gfgrr,501,saturated,ledger,7,2.0,200,120,80,356370,178185.0,2.810645,2.754638,3.200539,5.458803,17.490328,0.997271,525,728,0,1557,379159,13.389165
arm64,result-ubuntu-24.04-arm-N501-ledger-saturated,dguard,501,saturated,ledger,7,2.0,200,120,80,565951,282975.5,1.169507,0.000256,4.472844,8.532909,30.881349,0.991423,837,1441,0,0,0,0.0
arm64,result-ubuntu-24.04-arm-N501-ledger-saturated,fifo,501,saturated,ledger,7,2.0,200,120,80,18422,9211.0,54.479532,54.632062,58.451986,59.140333,60.580714,0.999869,36,37,0,12746,0,0.0
arm64,result-ubuntu-24.04-arm-N501-ledger-saturated,waiter,501,saturated,ledger,7,2.0,200,120,80,20399,10199.5,8.137529,0.096274,0.132897,0.351553,2079.830426,0.053766,0,1554,349,0,0,0.0
arm64,result-ubuntu-24.04-arm-N501-ledger-saturated,agemwis,501,saturated,ledger,7,2.0,200,120,80,348602,174301.0,2.874628,2.841888,5.355141,7.310802,24.306098,0.997334,484,795,0,1514,0,0.0
arm64,result-ubuntu-24.04-arm-N501-ledger-saturated,gfgrr,501,saturated,ledger,8,2.0,200,120,80,351106,175553.0,2.853225,2.813866,3.208994,5.521272,28.25499,0.99707,503,721,0,1537,372571,25.563948
arm64,result-ubuntu-24.04-arm-N501-ledger-saturated,dguard,501,saturated,ledger,8,2.0,200,120,80,565842,282921.0,1.128361,0.000216,4.291822,8.167537,35.443538,0.986307,889,1589,0,0,0,0.0
arm64,result-ubuntu-24.04-arm-N501-ledger-saturated,fifo,501,saturated,ledger,8,2.0,200,120,80,10420,5210.0,96.545195,96.45789,102.803646,105.221651,105.70561,0.999628,20,21,0,10275,0,0.0
arm64,result-ubuntu-24.04-arm-N501-ledger-saturated,waiter,501,saturated,ledger,8,2.0,200,120,80,20518,10259.0,14.537936,0.097043,0.133328,747.916801,2040.886635,0.069901,0,1398,208,0,0,0.0
arm64,result-ubuntu-24.04-arm-N501-ledger-saturated,agemwis,501,saturated,ledger,8,2.0,200,120,80,340144,170072.0,2.945138,2.921143,5.57139,7.408793,18.611731,0.995902,459,779,0,1476,0,0.0
arm64,result-ubuntu-24.04-arm-N501-kv-saturated,gfgrr,501,saturated,kv,1,2.0,200,120,80,346024,173012.0,2.894485,2.802659,3.750512,5.7417,21.52496,0.997215,513,713,0,1532,367730,18.433724
arm64,result-ubuntu-24.04-arm-N501-kv-saturated,dguard,501,saturated,kv,1,2.0,200,120,80,535110,267555.0,1.197522,0.00016,6.07488,10.42055,39.53618,0.786052,536,3052,0,0,0,0.0
arm64,result-ubuntu-24.04-arm-N501-kv-saturated,fifo,501,saturated,kv,1,2.0,200,120,80,20033,10016.5,50.106373,50.047351,54.029459,55.268879,56.478989,0.999976,39,41,0,12485,0,0.0
arm64,result-ubuntu-24.04-arm-N501-kv-saturated,waiter,501,saturated,kv,1,2.0,200,120,80,20743,10371.5,22.553624,0.097744,0.134592,1134.322464,1760.658105,0.066935,1,1343,0,0,0,0.0
arm64,result-ubuntu-24.04-arm-N501-kv-saturated,agemwis,501,saturated,kv,1,2.0,200,120,80,349199,174599.5,2.868782,2.823003,5.275815,7.2787,22.984801,0.997105,462,814,0,1529,0,0.0
arm64,result-ubuntu-24.04-arm-N501-kv-saturated,gfgrr,501,saturated,kv,2,2.0,200,120,80,347120,173560.0,2.884959,2.821851,3.389496,5.708113,19.036773,0.996374,493,716,0,1541,370224,16.237539
arm64,result-ubuntu-24.04-arm-N501-kv-saturated,dguard,501,saturated,kv,2,2.0,200,120,80,518102,259051.0,1.286941,0.999917,4.623283,8.712488,35.570991,0.980367,785,1399,0,0,0,0.0
arm64,result-ubuntu-24.04-arm-N501-kv-saturated,fifo,501,saturated,kv,2,2.0,200,120,80,10058,5029.0,99.900639,99.940269,105.93769,107.255254,107.866862,0.999826,20,21,0,10201,0,0.0
arm64,result-ubuntu-24.04-arm-N501-kv-saturated,waiter,501,saturated,kv,2,2.0,200,120,80,20710,10355.0,20.941711,0.095528,0.133605,989.764977,1957.632247,0.055462,0,1642,35,0,0,0.0
arm64,result-ubuntu-24.04-arm-N501-kv-saturated,agemwis,501,saturated,kv,2,2.0,200,120,80,346649,173324.5,2.889114,2.842574,4.755833,6.95703,19.899087,0.997864,456,787,0,1509,0,0.0
arm64,result-ubuntu-24.04-arm-N501-kv-saturated,gfgrr,501,saturated,kv,3,2.0,200,120,80,358339,179169.5,2.795185,2.750303,3.168145,5.34654,21.302589,0.99711,525,734,0,1576,380049,17.8886
arm64,result-ubuntu-24.04-arm-N501-kv-saturated,dguard,501,saturated,kv,3,2.0,200,120,80,530992,265496.0,1.242889,0.98042,4.428233,8.395105,32.303829,0.990566,848,1337,0,0,0,0.0
arm64,result-ubuntu-24.04-arm-N501-kv-saturated,fifo,501,saturated,kv,3,2.0,200,120,80,23435,11717.5,42.786885,42.082688,49.634673,52.985437,54.032112,0.999921,46,47,0,13567,0,0.0
arm64,result-ubuntu-24.04-arm-N501-kv-saturated,waiter,501,saturated,kv,3,2.0,200,120,80,20731,10365.5,35.172819,0.096465,0.134308,1614.229445,1968.570572,0.047752,1,1868,0,0,0,0.0
arm64,result-ubuntu-24.04-arm-N501-kv-saturated,agemwis,501,saturated,kv,3,2.0,200,120,80,346807,173403.5,2.887498,2.862365,5.069876,6.953842,13.303823,0.99753,495,799,0,1502,0,0.0
arm64,result-ubuntu-24.04-arm-N501-kv-saturated,gfgrr,501,saturated,kv,4,2.0,200,120,80,352948,176474.0,2.83736,2.797602,3.187537,5.396291,22.362721,0.997507,499,721,0,1543,376023,19.575214
arm64,result-ubuntu-24.04-arm-N501-kv-saturated,dguard,501,saturated,kv,4,2.0,200,120,80,532580,266290.0,1.246501,0.995672,4.40291,8.234032,25.90121,0.997841,865,1177,0,0,0,0.0
arm64,result-ubuntu-24.04-arm-N501-kv-saturated,fifo,501,saturated,kv,4,2.0,200,120,80,9457,4728.5,106.087996,105.826611,113.44767,114.132765,114.719236,0.999696,18,19,0,9900,0,0.0
arm64,result-ubuntu-24.04-arm-N501-kv-saturated,waiter,501,saturated,kv,4,2.0,200,120,80,20322,10161.0,12.84125,0.096494,0.133335,245.440229,2095.623313,0.057279,0,1913,288,0,0,0.0
arm64,result-ubuntu-24.04-arm-N501-kv-saturated,agemwis,501,saturated,kv,4,2.0,200,120,80,343833,171916.5,2.912682,2.852711,5.201463,7.191709,17.488178,0.997697,442,798,0,1484,0,0.0
arm64,result-ubuntu-24.04-arm-N501-kv-saturated,gfgrr,501,saturated,kv,5,2.0,200,120,80,348507,174253.5,2.873678,2.816171,3.241972,5.673166,23.29769,0.997494,513,713,0,1527,371494,20.553444
arm64,result-ubuntu-24.04-arm-N501-kv-saturated,dguard,501,saturated,kv,5,2.0,200,120,80,510939,255469.5,1.299013,0.66738,5.855803,9.258549,39.925644,0.881151,666,2325,0,0,0,0.0
arm64,result-ubuntu-24.04-arm-N501-kv-saturated,fifo,501,saturated,kv,5,2.0,200,120,80,12810,6405.0,78.575351,78.653749,87.672302,91.354601,92.591387,0.999625,25,26,0,11234,0,0.0
arm64,result-ubuntu-24.04-arm-N501-kv-saturated,waiter,501,saturated,kv,5,2.0,200,120,80,20547,10273.5,18.895059,0.095578,0.134245,1328.040208,2086.578381,0.049555,0,2465,157,0,0,0.0
arm64,result-ubuntu-24.04-arm-N501-kv-saturated,agemwis,501,saturated,kv,5,2.0,200,120,80,348849,174424.5,2.870107,2.829459,5.426802,7.116263,23.328124,0.992848,486,770,0,1525,0,0.0
arm64,result-ubuntu-24.04-arm-N501-kv-saturated,gfgrr,501,saturated,kv,6,2.0,200,120,80,356596,178298.0,2.810167,2.762312,3.236382,5.589263,53.608071,0.996397,526,740,0,1578,377296,50.744997
arm64,result-ubuntu-24.04-arm-N501-kv-saturated,dguard,501,saturated,kv,6,2.0,200,120,80,515402,257701.0,1.237183,0.000192,4.984313,9.281499,43.244842,0.908809,624,2275,0,0,0,0.0
arm64,result-ubuntu-24.04-arm-N501-kv-saturated,fifo,501,saturated,kv,6,2.0,200,120,80,22025,11012.5,45.696497,44.584465,55.386302,63.696427,64.702554,0.999981,43,44,0,14091,0,0.0
arm64,result-ubuntu-24.04-arm-N501-kv-saturated,waiter,501,saturated,kv,6,2.0,200,120,80,21163,10581.5,44.974766,0.097434,0.325792,1163.226869,1170.76059,0.056199,2,2049,0,0,0,0.0
arm64,result-ubuntu-24.04-arm-N501-kv-saturated,agemwis,501,saturated,kv,6,2.0,200,120,80,360447,180223.5,2.7806,2.706926,5.298268,7.766955,26.363943,0.995699,477,848,0,1562,0,0.0
arm64,result-ubuntu-24.04-arm-N501-kv-saturated,gfgrr,501,saturated,kv,7,2.0,200,120,80,351343,175671.5,2.850797,2.801705,3.200204,5.474202,23.811118,0.996971,503,721,0,1542,373717,20.760574
arm64,result-ubuntu-24.04-arm-N501-kv-saturated,dguard,501,saturated,kv,7,2.0,200,120,80,529248,264624.0,1.249491,0.898037,4.595848,8.752273,37.145955,0.959747,778,1691,0,0,0,0.0
arm64,result-ubuntu-24.04-arm-N501-kv-saturated,fifo,501,saturated,kv,7,2.0,200,120,80,12713,6356.5,79.298396,79.425015,88.040125,89.10913,89.712748,0.999636,25,26,0,11143,0,0.0
arm64,result-ubuntu-24.04-arm-N501-kv-saturated,waiter,501,saturated,kv,7,2.0,200,120,80,20381,10190.5,8.168269,0.09645,0.132671,7.52146,2078.354857,0.056851,0,2049,335,0,0,0.0
arm64,result-ubuntu-24.04-arm-N501-kv-saturated,agemwis,501,saturated,kv,7,2.0,200,120,80,344636,172318.0,2.906062,2.875568,5.396084,7.40561,18.322057,0.997097,461,804,0,1504,0,0.0
arm64,result-ubuntu-24.04-arm-N501-kv-saturated,gfgrr,501,saturated,kv,8,2.0,200,120,80,356865,178432.5,2.806799,2.747664,3.195721,5.445209,33.864483,0.99662,507,733,0,1560,377920,31.201758
arm64,result-ubuntu-24.04-arm-N501-kv-saturated,dguard,501,saturated,kv,8,2.0,200,120,80,510656,255328.0,1.323796,0.000224,6.102261,10.176335,41.356924,0.772129,636,2868,0,0,0,0.0
arm64,result-ubuntu-24.04-arm-N501-kv-saturated,fifo,501,saturated,kv,8,2.0,200,120,80,38983,19491.5,25.72014,25.648192,28.590724,29.518644,30.054328,0.999975,77,78,0,14069,0,0.0
arm64,result-ubuntu-24.04-arm-N501-kv-saturated,waiter,501,saturated,kv,8,2.0,200,120,80,20283,10141.5,8.219234,0.097298,0.133245,0.566275,1996.069158,0.035722,0,2792,339,0,0,0.0
arm64,result-ubuntu-24.04-arm-N501-kv-saturated,agemwis,501,saturated,kv,8,2.0,200,120,80,345335,172667.5,2.899287,2.862228,5.503972,7.433798,17.62463,0.996197,495,764,0,1501,0,0.0
x86_64,result-ubuntu-24.04-N101-sleep-saturated,gfgrr,101,saturated,sleep,1,2.0,200,120,80,47063,23531.5,2.616545,0.473451,11.066954,18.036091,41.196685,0.998409,428,509,0,11783,49769,40.639147
x86_64,result-ubuntu-24.04-N101-sleep-saturated,dguard,101,saturated,sleep,1,2.0,200,120,80,37358,18679.0,3.226436,0.145846,15.579284,26.699724,80.566417,0.997136,314,413,0,0,0,0.0
x86_64,result-ubuntu-24.04-N101-sleep-saturated,fifo,101,saturated,sleep,1,2.0,200,120,80,2085,1042.5,95.66821,94.327963,112.448004,118.327194,120.797641,0.999462,20,21,0,6326,0,0.0
x86_64,result-ubuntu-24.04-N101-sleep-saturated,waiter,101,saturated,sleep,1,2.0,200,120,80,1075,537.5,104.297964,0.122578,995.896964,1656.053898,1776.319568,0.309297,1,74,0,0,0,0.0
x86_64,result-ubuntu-24.04-N101-sleep-saturated,agemwis,101,saturated,sleep,1,2.0,200,120,80,52074,26037.0,2.19123,0.249333,3.701826,65.513249,304.977825,0.963335,344,686,0,12318,0,0.0
x86_64,result-ubuntu-24.04-N101-sleep-saturated,gfgrr,101,saturated,sleep,2,2.0,200,120,80,47854,23927.0,2.563983,0.432845,10.98059,18.369889,55.567642,0.999137,438,506,0,12498,50842,55.1206
x86_64,result-ubuntu-24.04-N101-sleep-saturated,dguard,101,saturated,sleep,2,2.0,200,120,80,37601,18800.5,3.201992,0.100126,15.365658,25.852753,83.769836,0.997696,331,429,0,0,0,0.0
x86_64,result-ubuntu-24.04-N101-sleep-saturated,fifo,101,saturated,sleep,2,2.0,200,120,80,2608,1304.0,76.102257,75.320139,85.163469,86.863781,88.47265,0.99978,25,26,0,6559,0,0.0
x86_64,result-ubuntu-24.04-N101-sleep-saturated,waiter,101,saturated,sleep,2,2.0,200,120,80,1184,592.0,130.084933,0.122879,1305.611766,1361.373381,1489.121341,0.31327,1,129,0,0,0,0.0
x86_64,result-ubuntu-24.04-N101-sleep-saturated,agemwis,101,saturated,sleep,2,2.0,200,120,80,51854,25927.0,2.253869,0.249574,4.561988,63.312961,320.899151,0.994474,436,587,0,12155,0,0.0
x86_64,result-ubuntu-24.04-N101-sleep-saturated,gfgrr,101,saturated,sleep,3,2.0,200,120,80,47806,23903.0,2.560932,0.43621,10.992921,18.200282,47.235597,0.998705,427,512,0,12591,50777,47.007325
x86_64,result-ubuntu-24.04-N101-sleep-saturated,dguard,101,saturated,sleep,3,2.0,200,120,80,36615,18307.5,3.286191,0.14928,15.671932,27.251107,72.059297,0.996555,289,408,0,0,0,0.0
x86_64,result-ubuntu-24.04-N101-sleep-saturated,fifo,101,saturated,sleep,3,2.0,200,120,80,1896,948.0,104.85322,104.877938,111.665217,115.373311,119.663016,0.999501,18,19,0,6255,0,0.0
x86_64,result-ubuntu-24.04-N101-sleep-saturated,waiter,101,saturated,sleep,3,2.0,200,120,80,1123,561.5,114.845634,0.125585,1075.518583,1469.467926,1556.158691,0.286222,1,143,0,0,0,0.0
x86_64,result-ubuntu-24.04-N101-sleep-saturated,agemwis,101,saturated,sleep,3,2.0,200,120,80,51817,25908.5,2.20146,0.25146,6.662915,54.201009,275.401948,0.963372,340,687,0,12331,0,0.0
x86_64,result-ubuntu-24.04-N101-sleep-saturated,gfgrr,101,saturated,sleep,4,2.0,200,120,80,47699,23849.5,2.568785,0.442701,10.812788,17.414169,44.915209,0.99861,436,524,0,12443,50647,44.565585
x86_64,result-ubuntu-24.04-N101-sleep-saturated,dguard,101,saturated,sleep,4,2.0,200,120,80,37456,18728.0,3.210251,0.162173,15.179503,25.496429,62.440713,0.997763,321,406,0,0,0,0.0
x86_64,result-ubuntu-24.04-N101-sleep-saturated,fifo,101,saturated,sleep,4,2.0,200,120,80,3981,1990.5,49.343659,48.152362,58.266219,62.007192,63.740956,0.999793,38,40,0,6990,0,0.0
x86_64,result-ubuntu-24.04-N101-sleep-saturated,waiter,101,saturated,sleep,4,2.0,200,120,80,1127,563.5,145.991663,0.124243,1150.067997,1397.581932,1405.366752,0.411194,2,65,0,0,0,0.0
x86_64,result-ubuntu-24.04-N101-sleep-saturated,agemwis,101,saturated,sleep,4,2.0,200,120,80,52226,26113.0,2.16429,0.248115,4.557316,58.660014,360.545784,0.93074,268,769,0,12346,0,0.0
x86_64,result-ubuntu-24.04-N101-sleep-saturated,gfgrr,101,saturated,sleep,5,2.0,200,120,80,47736,23868.0,2.561142,0.422711,11.242293,19.333918,44.349502,0.997447,428,523,0,12546,50682,44.190013
x86_64,result-ubuntu-24.04-N101-sleep-saturated,dguard,101,saturated,sleep,5,2.0,200,120,80,37954,18977.0,3.164403,0.158166,15.106453,25.924263,76.704888,0.997301,319,421,0,0,0,0.0
x86_64,result-ubuntu-24.04-N101-sleep-saturated,fifo,101,saturated,sleep,5,2.0,200,120,80,2046,1023.0,98.104192,98.08794,109.668616,111.455567,113.183664,0.999534,20,21,0,6406,0,0.0
x86_64,result-ubuntu-24.04-N101-sleep-saturated,waiter,101,saturated,sleep,5,2.0,200,120,80,1128,564.0,127.269378,0.123887,1290.829399,1551.221907,1587.380018,0.296476,1,123,0,0,0,0.0
x86_64,result-ubuntu-24.04-N101-sleep-saturated,agemwis,101,saturated,sleep,5,2.0,200,120,80,51755,25877.5,2.242002,0.248867,4.050687,60.345182,590.883128,0.983672,391,635,0,12359,0,0.0
x86_64,result-ubuntu-24.04-N101-sleep-saturated,gfgrr,101,saturated,sleep,6,2.0,200,120,80,47610,23805.0,2.573504,0.438286,10.836606,17.388295,39.906209,0.997865,424,532,0,12399,50608,39.424034
x86_64,result-ubuntu-24.04-N101-sleep-saturated,dguard,101,saturated,sleep,6,2.0,200,120,80,38669,19334.5,3.103781,0.000531,14.346722,24.656412,69.214434,0.998128,334,421,0,0,0,0.0
x86_64,result-ubuntu-24.04-N101-sleep-saturated,fifo,101,saturated,sleep,6,2.0,200,120,80,3538,1769.0,56.315604,54.651923,82.555029,90.766496,95.726715,0.999767,34,36,0,6843,0,0.0
x86_64,result-ubuntu-24.04-N101-sleep-saturated,waiter,101,saturated,sleep,6,2.0,200,120,80,1154,577.0,90.923509,0.122294,844.953563,1710.956574,1982.490416,0.278101,1,91,0,0,0,0.0
x86_64,result-ubuntu-24.04-N101-sleep-saturated,agemwis,101,saturated,sleep,6,2.0,200,120,80,51793,25896.5,2.212487,0.2513,7.091927,59.028506,247.130928,0.988193,402,621,0,12341,0,0.0
x86_64,result-ubuntu-24.04-N101-sleep-saturated,gfgrr,101,saturated,sleep,7,2.0,200,120,80,47764,23882.0,2.558616,0.4323,11.019128,18.751404,43.661135,0.994776,399,539,0,12534,50711,43.412028
x86_64,result-ubuntu-24.04-N101-sleep-saturated,dguard,101,saturated,sleep,7,2.0,200,120,80,36339,18169.5,3.315656,0.148338,15.834357,27.427786,74.989676,0.995348,310,418,0,0,0,0.0
x86_64,result-ubuntu-24.04-N101-sleep-saturated,fifo,101,saturated,sleep,7,2.0,200,120,80,1317,658.5,152.11588,148.923305,176.695571,183.14803,185.088616,0.999776,13,14,0,6195,0,0.0
x86_64,result-ubuntu-24.04-N101-sleep-saturated,waiter,101,saturated,sleep,7,2.0,200,120,80,1117,558.5,124.620683,0.123011,1282.998023,1731.832144,1770.115516,0.274245,1,129,0,0,0,0.0
x86_64,result-ubuntu-24.04-N101-sleep-saturated,agemwis,101,saturated,sleep,7,2.0,200,120,80,51891,25945.5,2.221717,0.249419,4.3481,59.901441,422.218217,0.975148,379,647,0,12285,0,0.0
x86_64,result-ubuntu-24.04-N101-sleep-saturated,gfgrr,101,saturated,sleep,8,2.0,200,120,80,47547,23773.5,2.569915,0.430543,11.209413,18.277935,48.969542,0.997447,419,521,0,12504,50456,48.603188
x86_64,result-ubuntu-24.04-N101-sleep-saturated,dguard,101,saturated,sleep,8,2.0,200,120,80,37441,18720.5,3.205971,0.093626,15.588178,25.579641,64.343308,0.997302,328,421,0,0,0,0.0
x86_64,result-ubuntu-24.04-N101-sleep-saturated,fifo,101,saturated,sleep,8,2.0,200,120,80,1554,777.0,130.175853,129.593839,144.131238,149.375403,151.72207,0.999,15,16,0,6223,0,0.0
x86_64,result-ubuntu-24.04-N101-sleep-saturated,waiter,101,saturated,sleep,8,2.0,200,120,80,1119,559.5,123.947034,0.122519,1378.823915,1516.543751,1548.922099,0.385726,1,75,0,0,0,0.0
x86_64,result-ubuntu-24.04-N101-sleep-saturated,agemwis,101,saturated,sleep,8,2.0,200,120,80,51600,25800.0,2.197693,0.250023,4.761565,64.87732,255.430378,0.98661,396,629,0,12354,0,0.0
arm64,result-ubuntu-24.04-arm-N101-ledger-saturated,gfgrr,101,saturated,ledger,1,2.0,200,120,80,322166,161083.0,0.62652,0.583065,1.069155,1.552778,5.709078,0.992325,2554,3531,0,7909,343456,5.204134
arm64,result-ubuntu-24.04-arm-N101-ledger-saturated,dguard,101,saturated,ledger,1,2.0,200,120,80,784250,392125.0,0.140148,0.000128,1.29045,1.46841,8.574009,0.999536,7352,8133,0,0,0,0.0
arm64,result-ubuntu-24.04-arm-N101-ledger-saturated,fifo,101,saturated,ledger,1,2.0,200,120,80,11068,5534.0,18.283722,18.306719,21.187207,22.479023,25.352746,0.999978,109,111,0,10595,0,0.0
arm64,result-ubuntu-24.04-arm-N101-ledger-saturated,waiter,101,saturated,ledger,1,2.0,200,120,80,20489,10244.5,8.374693,0.096368,0.132576,120.179121,1161.033878,0.203063,2,2260,0,0,0,0.0
arm64,result-ubuntu-24.04-arm-N101-ledger-saturated,agemwis,101,saturated,ledger,1,2.0,200,120,80,336696,168348.0,0.599484,0.594433,1.184483,1.624737,3.917012,0.991246,2618,3757,0,7840,0,0.0
arm64,result-ubuntu-24.04-arm-N101-ledger-saturated,gfgrr,101,saturated,ledger,2,2.0,200,120,80,347081,173540.5,0.581562,0.549305,0.983105,1.325722,3.515444,0.993657,2875,3799,0,8369,367375,3.028508
arm64,result-ubuntu-24.04-arm-N101-ledger-saturated,dguard,101,saturated,ledger,2,2.0,200,120,80,832694,416347.0,0.130792,0.000144,1.27877,1.422515,5.996974,0.999246,7908,8640,0,0,0,0.0
arm64,result-ubuntu-24.04-arm-N101-ledger-saturated,fifo,101,saturated,ledger,2,2.0,200,120,80,11972,5986.0,16.896772,16.612882,20.637705,24.12055,25.196732,0.999982,118,119,0,10920,0,0.0
arm64,result-ubuntu-24.04-arm-N101-ledger-saturated,waiter,101,saturated,ledger,2,2.0,200,120,80,20633,10316.5,6.813143,0.095368,0.132579,119.020307,1284.11565,0.217835,2,1976,0,0,0,0.0
arm64,result-ubuntu-24.04-arm-N101-ledger-saturated,agemwis,101,saturated,ledger,2,2.0,200,120,80,339758,169879.0,0.594129,0.595225,1.139957,1.493496,3.661834,0.993854,2771,3688,0,7868,0,0.0
arm64,result-ubuntu-24.04-arm-N101-ledger-saturated,gfgrr,101,saturated,ledger,3,2.0,200,120,80,335223,167611.5,0.601987,0.564936,1.0298,1.41092,4.168878,0.992468,2749,3696,0,8120,355662,3.671973
arm64,result-ubuntu-24.04-arm-N101-ledger-saturated,dguard,101,saturated,ledger,3,2.0,200,120,80,809028,404514.0,0.13567,0.000128,1.288226,1.458301,8.374268,0.999447,7710,8394,0,0,0,0.0
arm64,result-ubuntu-24.04-arm-N101-ledger-saturated,fifo,101,saturated,ledger,3,2.0,200,120,80,37668,18834.0,5.379517,4.42789,11.483543,14.811289,16.597681,0.999994,372,375,0,15636,0,0.0
arm64,result-ubuntu-24.04-arm-N101-ledger-saturated,waiter,101,saturated,ledger,3,2.0,200,120,80,20541,10270.5,8.554969,0.09632,0.133154,573.352919,1006.992534,0.215048,2,1772,0,0,0,0.0
arm64,result-ubuntu-24.04-arm-N101-ledger-saturated,agemwis,101,saturated,ledger,3,2.0,200,120,80,338293,169146.5,0.596676,0.596317,1.166581,1.55138,3.323851,0.992329,2682,3699,0,7907,0,0.0
arm64,result-ubuntu-24.04-arm-N101-ledger-saturated,gfgrr,101,saturated,ledger,4,2.0,200,120,80,340062,170031.0,0.593525,0.556628,1.015831,1.400444,3.928512,0.992366,2731,3745,0,8265,360224,3.150967
arm64,result-ubuntu-24.04-arm-N101-ledger-saturated,dguard,101,saturated,ledger,4,2.0,200,120,80,820588,410294.0,0.132834,0.000128,1.27921,1.414736,3.973265,0.999154,7735,8666,0,0,0,0.0
arm64,result-ubuntu-24.04-arm-N101-ledger-saturated,fifo,101,saturated,ledger,4,2.0,200,120,80,105140,52570.0,1.921521,1.870724,2.47709,3.149901,4.385449,0.999992,1035,1046,0,17059,0,0.0
arm64,result-ubuntu-24.04-arm-N101-ledger-saturated,waiter,101,saturated,ledger,4,2.0,200,120,80,20521,10260.5,7.476618,0.095283,0.132533,0.293615,1498.068421,0.212954,2,2049,0,0,0,0.0
arm64,result-ubuntu-24.04-arm-N101-ledger-saturated,agemwis,101,saturated,ledger,4,2.0,200,120,80,339142,169571.0,0.595089,0.595707,1.131443,1.489302,3.328871,0.994163,2734,3646,0,7826,0,0.0
arm64,result-ubuntu-24.04-arm-N101-ledger-saturated,gfgrr,101,saturated,ledger,5,2.0,200,120,80,337128,168564.0,0.598642,0.563509,1.022648,1.38739,5.376414,0.992686,2757,3707,0,8206,357013,5.048908
arm64,result-ubuntu-24.04-arm-N101-ledger-saturated,dguard,101,saturated,ledger,5,2.0,200,120,80,838775,419387.5,0.129675,0.000136,1.277823,1.411814,3.743331,0.99984,8023,8540,0,0,0,0.0
arm64,result-ubuntu-24.04-arm-N101-ledger-saturated,fifo,101,saturated,ledger,5,2.0,200,120,80,27071,13535.5,7.479909,6.879908,13.74782,15.48814,16.990684,0.999989,267,270,0,14397,0,0.0
arm64,result-ubuntu-24.04-arm-N101-ledger-saturated,waiter,101,saturated,ledger,5,2.0,200,120,80,20485,10242.5,6.378083,0.096035,0.133172,0.439288,1492.55576,0.269704,1,1594,0,0,0,0.0
arm64,result-ubuntu-24.04-arm-N101-ledger-saturated,agemwis,101,saturated,ledger,5,2.0,200,120,80,338270,169135.0,0.596649,0.598107,1.1241,1.499545,3.364865,0.994442,2793,3699,0,7857,0,0.0
arm64,result-ubuntu-24.04-arm-N101-ledger-saturated,gfgrr,101,saturated,ledger,6,2.0,200,120,80,334303,167151.5,0.603813,0.564898,1.036207,1.448382,4.055951,0.991929,2676,3684,0,8157,353850,3.498245
arm64,result-ubuntu-24.04-arm-N101-ledger-saturated,dguard,101,saturated,ledger,6,2.0,200,120,80,840546,420273.0,0.129378,0.000152,1.275462,1.409084,4.801549,0.999588,8019,8638,0,0,0,0.0
arm64,result-ubuntu-24.04-arm-N101-ledger-saturated,fifo,101,saturated,ledger,6,2.0,200,120,80,11410,5705.0,17.732448,17.754593,20.653092,20.991402,21.490486,0.99999,112,114,0,10775,0,0.0
arm64,result-ubuntu-24.04-arm-N101-ledger-saturated,waiter,101,saturated,ledger,6,2.0,200,120,80,20457,10228.5,5.958506,0.095475,0.132372,0.13564,1876.264743,0.177075,1,2376,0,0,0,0.0
arm64,result-ubuntu-24.04-arm-N101-ledger-saturated,agemwis,101,saturated,ledger,6,2.0,200,120,80,344749,172374.5,0.585489,0.59077,1.090436,1.437125,3.753836,0.994712,2804,3719,0,7972,0,0.0
arm64,result-ubuntu-24.04-arm-N101-ledger-saturated,gfgrr,101,saturated,ledger,7,2.0,200,120,80,335808,167904.0,0.600986,0.563378,1.033141,1.421482,3.717155,0.992192,2708,3703,0,8233,355528,3.191995
arm64,result-ubuntu-24.04-arm-N101-ledger-saturated,dguard,101,saturated,ledger,7,2.0,200,120,80,821864,410932.0,0.132871,0.000152,1.280071,1.425471,6.388525,0.999922,7941,8296,0,0,0,0.0
arm64,result-ubuntu-24.04-arm-N101-ledger-saturated,fifo,101,saturated,ledger,7,2.0,200,120,80,44692,22346.0,4.527498,4.102796,7.081858,8.02073,12.191146,0.999993,441,445,0,16805,0,0.0
arm64,result-ubuntu-24.04-arm-N101-ledger-saturated,waiter,101,saturated,ledger,7,2.0,200,120,80,20368,10184.0,6.494047,0.096383,0.132508,0.135692,1738.253096,0.161687,1,2703,0,0,0,0.0
arm64,result-ubuntu-24.04-arm-N101-ledger-saturated,agemwis,101,saturated,ledger,7,2.0,200,120,80,333265,166632.5,0.605569,0.609594,1.157009,1.533201,2.984515,0.993813,2658,3613,0,7699,0,0.0
arm64,result-ubuntu-24.04-arm-N101-ledger-saturated,gfgrr,101,saturated,ledger,8,2.0,200,120,80,335996,167998.0,0.600706,0.56285,1.033338,1.418567,4.194809,0.992237,2676,3702,0,8214,355047,3.630214
arm64,result-ubuntu-24.04-arm-N101-ledger-saturated,dguard,101,saturated,ledger,8,2.0,200,120,80,817817,408908.5,0.133367,0.000144,1.281471,1.420003,14.496798,0.999242,7661,8426,0,0,0,0.0
arm64,result-ubuntu-24.04-arm-N101-ledger-saturated,fifo,101,saturated,ledger,8,2.0,200,120,80,73209,36604.5,2.763458,2.552758,4.548919,7.067168,9.311078,0.999992,722,730,0,17115,0,0.0
arm64,result-ubuntu-24.04-arm-N101-ledger-saturated,waiter,101,saturated,ledger,8,2.0,200,120,80,20442,10221.0,6.432803,0.096899,0.132564,0.26437,1280.182873,0.204759,1,2054,0,0,0,0.0
arm64,result-ubuntu-24.04-arm-N101-ledger-saturated,agemwis,101,saturated,ledger,8,2.0,200,120,80,337974,168987.0,0.597281,0.597969,1.144404,1.532364,3.700594,0.993916,2737,3655,0,7787,0,0.0
x86_64,result-ubuntu-24.04-N501-kv-saturated,gfgrr,501,saturated,kv,1,2.0,200,120,80,255379,127689.5,3.920805,3.811973,5.00818,7.446053,34.025629,0.997481,369,525,0,1125,271722,30.035814
x86_64,result-ubuntu-24.04-N501-kv-saturated,dguard,501,saturated,kv,1,2.0,200,120,80,265956,132978.0,2.604409,1.627374,9.798054,15.982043,44.423129,0.996129,430,605,0,0,0,0.0
x86_64,result-ubuntu-24.04-N501-kv-saturated,fifo,501,saturated,kv,1,2.0,200,120,80,40701,20350.5,24.731855,23.280303,35.952629,38.523115,39.64768,0.999972,81,82,0,12704,0,0.0
x86_64,result-ubuntu-24.04-N501-kv-saturated,waiter,501,saturated,kv,1,2.0,200,120,80,19427,9713.5,33.333617,0.103326,0.14542,1510.733951,1744.130633,0.136853,1,858,0,0,0,0.0
x86_64,result-ubuntu-24.04-N501-kv-saturated,agemwis,501,saturated,kv,1,2.0,200,120,80,262609,131304.5,3.811825,3.798078,6.769084,9.691193,30.562203,0.997444,354,584,0,1139,0,0.0
x86_64,result-ubuntu-24.04-N501-kv-saturated,gfgrr,501,saturated,kv,2,2.0,200,120,80,266039,133019.5,3.7628,3.71597,4.395031,7.26066,23.148313,0.997473,381,546,0,1166,281575,18.959164
x86_64,result-ubuntu-24.04-N501-kv-saturated,dguard,501,saturated,kv,2,2.0,200,120,80,260006,130003.0,2.620805,0.562826,11.677014,21.659053,117.173745,0.817519,295,1466,0,0,0,0.0
x86_64,result-ubuntu-24.04-N501-kv-saturated,fifo,501,saturated,kv,2,2.0,200,120,80,30948,15474.0,32.535854,31.026527,42.194277,43.90611,44.642895,0.999954,61,62,0,12339,0,0.0
x86_64,result-ubuntu-24.04-N501-kv-saturated,waiter,501,saturated,kv,2,2.0,200,120,80,19226,9613.0,23.2487,0.102111,0.144307,916.017382,2080.805347,0.15466,0,818,16,0,0,0.0
x86_64,result-ubuntu-24.04-N501-kv-saturated,agemwis,501,saturated,kv,2,2.0,200,120,80,266054,133027.0,3.760558,3.745645,6.863716,9.119313,33.352849,0.997427,371,571,0,1166,0,0.0
x86_64,result-ubuntu-24.04-N501-kv-saturated,gfgrr,501,saturated,kv,3,2.0,200,120,80,269562,134781.0,3.711956,3.622917,4.401855,7.219941,43.051656,0.996745,386,556,0,1191,286203,39.611163
x86_64,result-ubuntu-24.04-N501-kv-saturated,dguard,501,saturated,kv,3,2.0,200,120,80,259349,129674.5,2.666442,1.596709,10.383056,16.473013,51.223367,0.995632,404,614,0,0,0,0.0
x86_64,result-ubuntu-24.04-N501-kv-saturated,fifo,501,saturated,kv,3,2.0,200,120,80,23265,11632.5,43.271526,41.437948,53.660951,56.474074,57.733911,0.999886,46,47,0,11886,0,0.0
x86_64,result-ubuntu-24.04-N501-kv-saturated,waiter,501,saturated,kv,3,2.0,200,120,80,19087,9543.5,29.27779,0.104105,0.144099,1533.36125,2019.497669,0.137326,1,863,0,0,0,0.0
x86_64,result-ubuntu-24.04-N501-kv-saturated,agemwis,501,saturated,kv,3,2.0,200,120,80,264687,132343.5,3.782628,3.810587,6.049082,8.848223,27.106343,0.997925,376,582,0,1156,0,0.0
x86_64,result-ubuntu-24.04-N501-kv-saturated,gfgrr,501,saturated,kv,4,2.0,200,120,80,268107,134053.5,3.734388,3.702537,4.249549,7.174202,32.930417,0.997365,396,551,0,1174,284908,29.769557
x86_64,result-ubuntu-24.04-N501-kv-saturated,dguard,501,saturated,kv,4,2.0,200,120,80,252743,126371.5,2.698196,1.571356,10.22384,16.408666,57.400286,0.995135,401,627,0,0,0,0.0
x86_64,result-ubuntu-24.04-N501-kv-saturated,fifo,501,saturated,kv,4,2.0,200,120,80,17678,8839.0,56.922474,56.711782,68.120467,69.409332,70.250666,0.999836,35,36,0,11943,0,0.0
x86_64,result-ubuntu-24.04-N501-kv-saturated,waiter,501,saturated,kv,4,2.0,200,120,80,18888,9444.0,22.51609,0.104503,0.143806,995.447511,2106.341156,0.168259,0,640,63,0,0,0.0
x86_64,result-ubuntu-24.04-N501-kv-saturated,agemwis,501,saturated,kv,4,2.0,200,120,80,268079,134039.5,3.731186,3.747158,6.797307,9.519125,24.100479,0.997224,386,576,0,1174,0,0.0
x86_64,result-ubuntu-24.04-N501-kv-saturated,gfgrr,501,saturated,kv,5,2.0,200,120,80,265423,132711.5,3.771204,3.760992,4.348771,7.176749,20.38624,0.997516,384,546,0,1170,281210,24.79168
x86_64,result-ubuntu-24.04-N501-kv-saturated,dguard,501,saturated,kv,5,2.0,200,120,80,262926,131463.0,2.627271,1.639399,9.690142,15.896711,49.244774,0.995322,423,615,0,0,0,0.0
x86_64,result-ubuntu-24.04-N501-kv-saturated,fifo,501,saturated,kv,5,2.0,200,120,80,32428,16214.0,30.951454,30.296598,39.493591,41.265692,42.748029,0.999953,64,65,0,12054,0,0.0
x86_64,result-ubuntu-24.04-N501-kv-saturated,waiter,501,saturated,kv,5,2.0,200,120,80,19192,9596.0,24.486093,0.103022,0.14399,1096.123324,2077.458076,0.144259,0,861,42,0,0,0.0
x86_64,result-ubuntu-24.04-N501-kv-saturated,agemwis,501,saturated,kv,5,2.0,200,120,80,259883,129941.5,3.84915,3.778786,7.177156,10.025075,23.001502,0.997213,358,587,0,1145,0,0.0
x86_64,result-ubuntu-24.04-N501-kv-saturated,gfgrr,501,saturated,kv,6,2.0,200,120,80,272505,136252.5,3.671805,3.644629,4.390033,7.195762,26.790994,0.997402,390,563,0,1225,290801,22.902736
x86_64,result-ubuntu-24.04-N501-kv-saturated,dguard,501,saturated,kv,6,2.0,200,120,80,258388,129194.0,2.58449,0.935769,11.338701,20.916972,88.257042,0.914559,311,1232,0,0,0,0.0
x86_64,result-ubuntu-24.04-N501-kv-saturated,fifo,501,saturated,kv,6,2.0,200,120,80,12207,6103.5,82.211081,81.224609,94.35968,95.858512,96.666761,0.99961,24,25,0,10051,0,0.0
x86_64,result-ubuntu-24.04-N501-kv-saturated,waiter,501,saturated,kv,6,2.0,200,120,80,19147,9573.5,27.438533,0.103689,0.144203,1123.131912,1974.809961,0.144302,1,866,0,0,0,0.0
x86_64,result-ubuntu-24.04-N501-kv-saturated,agemwis,501,saturated,kv,6,2.0,200,120,80,268361,134180.5,3.72995,3.724389,6.360911,8.41259,20.798549,0.997673,372,600,0,1166,0,0.0
x86_64,result-ubuntu-24.04-N501-kv-saturated,gfgrr,501,saturated,kv,7,2.0,200,120,80,266787,133393.5,3.750534,3.681271,4.608192,7.375913,25.006577,0.99678,387,552,0,1177,282478,21.454005
x86_64,result-ubuntu-24.04-N501-kv-saturated,dguard,501,saturated,kv,7,2.0,200,120,80,242749,121374.5,2.781885,0.880688,12.433414,23.950042,126.665313,0.919277,320,1137,0,0,0,0.0
x86_64,result-ubuntu-24.04-N501-kv-saturated,fifo,501,saturated,kv,7,2.0,200,120,80,15525,7762.5,64.746392,63.794217,74.977279,78.221026,79.744382,0.999988,30,31,0,10109,0,0.0
x86_64,result-ubuntu-24.04-N501-kv-saturated,waiter,501,saturated,kv,7,2.0,200,120,80,19100,9550.0,32.311447,0.104491,0.144746,1532.042224,1993.200993,0.113058,1,1172,0,0,0,0.0
x86_64,result-ubuntu-24.04-N501-kv-saturated,agemwis,501,saturated,kv,7,2.0,200,120,80,269049,134524.5,3.720295,3.683414,6.98628,10.05469,24.055557,0.99666,385,591,0,1174,0,0.0
x86_64,result-ubuntu-24.04-N501-kv-saturated,gfgrr,501,saturated,kv,8,2.0,200,120,80,266265,133132.5,3.76085,3.720393,4.336935,7.145666,24.298816,0.997506,388,547,0,1166,282365,20.495527
x86_64,result-ubuntu-24.04-N501-kv-saturated,dguard,501,saturated,kv,8,2.0,200,120,80,261916,130958.0,2.558592,0.993729,11.214668,20.593662,77.252318,0.934304,304,1163,0,0,0,0.0
x86_64,result-ubuntu-24.04-N501-kv-saturated,fifo,501,saturated,kv,8,2.0,200,120,80,28986,14493.0,34.755364,33.6828,45.403015,46.744718,47.936221,0.999963,57,58,0,12016,0,0.0
x86_64,result-ubuntu-24.04-N501-kv-saturated,waiter,501,saturated,kv,8,2.0,200,120,80,18879,9439.5,22.136784,0.104847,0.142225,1250.433821,2117.085206,0.15808,0,789,136,0,0,0.0
x86_64,result-ubuntu-24.04-N501-kv-saturated,agemwis,501,saturated,kv,8,2.0,200,120,80,266121,133060.5,3.762557,3.76821,6.172398,9.091925,22.685286,0.997451,376,582,0,1165,0,0.0
x86_64,result-ubuntu-24.04-N101-ledger-bursty,gfgrr,101,bursty,ledger,1,2.0,200,120,80,48437,24218.5,0.177152,0.168528,0.29125,0.404744,1.950055,0.999217,458,504,0,17637,27356,1.411867
x86_64,result-ubuntu-24.04-N101-ledger-bursty,dguard,101,bursty,ledger,1,2.0,200,120,80,49441,24720.5,0.004144,8e-05,0.00021,0.129107,1.511066,0.999156,467,516,0,0,0,0.0
x86_64,result-ubuntu-24.04-N101-ledger-bursty,fifo,101,bursty,ledger,1,2.0,200,120,80,48354,24177.0,0.187343,0.177086,0.327069,0.440575,1.142959,0.999194,458,505,0,17938,0,0.0
x86_64,result-ubuntu-24.04-N101-ledger-bursty,waiter,101,bursty,ledger,1,2.0,200,120,80,49258,24629.0,0.100529,0.089404,0.189498,0.32764,1.72334,0.999165,465,514,0,0,0,0.0
x86_64,result-ubuntu-24.04-N101-ledger-bursty,agemwis,101,bursty,ledger,1,2.0,200,120,80,48202,24101.0,0.196707,0.172699,0.347675,0.869913,3.16018,0.999186,456,504,0,17134,0,0.0
x86_64,result-ubuntu-24.04-N101-ledger-bursty,gfgrr,101,bursty,ledger,2,2.0,200,120,80,49696,24848.0,0.176277,0.16806,0.290077,0.408295,1.520301,0.999176,458,513,0,17643,28019,0.549444
x86_64,result-ubuntu-24.04-N101-ledger-bursty,dguard,101,bursty,ledger,2,2.0,200,120,80,50687,25343.5,0.004417,8e-05,0.000341,0.130992,1.13701,0.99912,466,523,0,0,0,0.0
x86_64,result-ubuntu-24.04-N101-ledger-bursty,fifo,101,bursty,ledger,2,2.0,200,120,80,48640,24320.0,0.261634,0.186883,0.640946,2.066255,4.758945,0.999254,450,500,0,16913,0,0.0
x86_64,result-ubuntu-24.04-N101-ledger-bursty,waiter,101,bursty,ledger,2,2.0,200,120,80,50675,25337.5,0.092553,0.087075,0.138628,0.209953,0.875297,0.999113,466,523,0,0,0,0.0
x86_64,result-ubuntu-24.04-N101-ledger-bursty,agemwis,101,bursty,ledger,2,2.0,200,120,80,49740,24870.0,0.173683,0.167795,0.282734,0.36128,0.938377,0.999173,459,513,0,17810,0,0.0
x86_64,result-ubuntu-24.04-N101-ledger-bursty,gfgrr,101,bursty,ledger,3,2.0,200,120,80,48710,24355.0,0.17579,0.168588,0.289349,0.390309,1.687512,0.998921,447,511,0,17715,27884,0.881833
x86_64,result-ubuntu-24.04-N101-ledger-bursty,dguard,101,bursty,ledger,3,2.0,200,120,80,49690,24845.0,0.004468,8e-05,0.000451,0.131537,1.048152,0.998912,462,520,0,0,0,0.0
x86_64,result-ubuntu-24.04-N101-ledger-bursty,fifo,101,bursty,ledger,3,2.0,200,120,80,48585,24292.5,0.188217,0.178092,0.328195,0.440512,0.789369,0.998918,447,510,0,17966,0,0.0
x86_64,result-ubuntu-24.04-N101-ledger-bursty,waiter,101,bursty,ledger,3,2.0,200,120,80,49748,24874.0,0.090519,0.086782,0.136545,0.151643,0.461331,0.998916,462,520,0,0,0,0.0
x86_64,result-ubuntu-24.04-N101-ledger-bursty,agemwis,101,bursty,ledger,3,2.0,200,120,80,48746,24373.0,0.174406,0.168569,0.283665,0.359887,0.65324,0.99893,448,511,0,17830,0,0.0
x86_64,result-ubuntu-24.04-N101-ledger-bursty,gfgrr,101,bursty,ledger,4,2.0,200,120,80,49497,24748.5,0.173805,0.166624,0.287663,0.3871,1.570386,0.999657,474,513,0,17826,28085,0.423475
x86_64,result-ubuntu-24.04-N101-ledger-bursty,dguard,101,bursty,ledger,4,2.0,200,120,80,50571,25285.5,0.004096,8e-05,0.000351,0.126858,0.375663,0.999582,483,527,0,0,0,0.0
x86_64,result-ubuntu-24.04-N101-ledger-bursty,fifo,101,bursty,ledger,4,2.0,200,120,80,49323,24661.5,0.188071,0.177851,0.330189,0.438675,0.799964,0.999656,473,510,0,18010,0,0.0
x86_64,result-ubuntu-24.04-N101-ledger-bursty,waiter,101,bursty,ledger,4,2.0,200,120,80,50598,25299.0,0.09043,0.086447,0.137285,0.153985,0.347641,0.999586,484,527,0,0,0,0.0
x86_64,result-ubuntu-24.04-N101-ledger-bursty,agemwis,101,bursty,ledger,4,2.0,200,120,80,49280,24640.0,0.187553,0.171928,0.316775,0.635721,2.320038,0.999653,473,511,0,17373,0,0.0
x86_64,result-ubuntu-24.04-N101-ledger-bursty,gfgrr,101,bursty,ledger,5,2.0,200,120,80,49487,24743.5,0.176282,0.169334,0.290543,0.390251,1.67365,0.998996,450,516,0,17596,28136,0.71994
x86_64,result-ubuntu-24.04-N101-ledger-bursty,dguard,101,bursty,ledger,5,2.0,200,120,80,50522,25261.0,0.004397,8e-05,0.00034,0.131651,0.339794,0.999044,462,529,0,0,0,0.0
x86_64,result-ubuntu-24.04-N101-ledger-bursty,fifo,101,bursty,ledger,5,2.0,200,120,80,49270,24635.0,0.193843,0.179457,0.338062,0.481222,2.504965,0.998978,446,514,0,17804,0,0.0
x86_64,result-ubuntu-24.04-N101-ledger-bursty,waiter,101,bursty,ledger,5,2.0,200,120,80,50550,25275.0,0.091418,0.087531,0.137396,0.15941,1.062288,0.999045,463,529,0,0,0,0.0
x86_64,result-ubuntu-24.04-N101-ledger-bursty,agemwis,101,bursty,ledger,5,2.0,200,120,80,49467,24733.5,0.177643,0.171081,0.287549,0.36574,1.987333,0.998998,449,516,0,17618,0,0.0
x86_64,result-ubuntu-24.04-N101-ledger-bursty,gfgrr,101,bursty,ledger,6,2.0,200,120,80,49892,24946.0,0.176093,0.169713,0.28798,0.382654,0.655923,0.998909,458,534,0,17550,28230,0.293067
x86_64,result-ubuntu-24.04-N101-ledger-bursty,dguard,101,bursty,ledger,6,2.0,200,120,80,50949,25474.5,0.004285,8e-05,0.000341,0.129665,0.280441,0.998889,466,545,0,0,0,0.0
x86_64,result-ubuntu-24.04-N101-ledger-bursty,fifo,101,bursty,ledger,6,2.0,200,120,80,49691,24845.5,0.192943,0.181102,0.337023,0.457839,1.807447,0.998931,457,532,0,17715,0,0.0
x86_64,result-ubuntu-24.04-N101-ledger-bursty,waiter,101,bursty,ledger,6,2.0,200,120,80,50981,25490.5,0.090808,0.087075,0.137115,0.154997,0.590963,0.998891,467,546,0,0,0,0.0
x86_64,result-ubuntu-24.04-N101-ledger-bursty,agemwis,101,bursty,ledger,6,2.0,200,120,80,49853,24926.5,0.178163,0.170987,0.289071,0.377748,2.126048,0.998914,458,534,0,17565,0,0.0
x86_64,result-ubuntu-24.04-N101-ledger-bursty,gfgrr,101,bursty,ledger,7,2.0,200,120,80,49073,24536.5,0.175779,0.169284,0.287496,0.380994,1.399889,0.998752,448,530,0,17637,27751,0.456174
x86_64,result-ubuntu-24.04-N101-ledger-bursty,dguard,101,bursty,ledger,7,2.0,200,120,80,50105,25052.5,0.004252,8e-05,0.00037,0.130059,0.285047,0.998728,463,547,0,0,0,0.0
x86_64,result-ubuntu-24.04-N101-ledger-bursty,fifo,101,bursty,ledger,7,2.0,200,120,80,48945,24472.5,0.187441,0.177486,0.329646,0.431681,0.718738,0.998752,447,528,0,17953,0,0.0
x86_64,result-ubuntu-24.04-N101-ledger-bursty,waiter,101,bursty,ledger,7,2.0,200,120,80,50140,25070.0,0.090792,0.087166,0.136695,0.152972,0.442362,0.998737,463,547,0,0,0,0.0
x86_64,result-ubuntu-24.04-N101-ledger-bursty,agemwis,101,bursty,ledger,7,2.0,200,120,80,49103,24551.5,0.17439,0.168703,0.283694,0.358837,1.58766,0.998752,448,529,0,17794,0,0.0
x86_64,result-ubuntu-24.04-N101-ledger-bursty,gfgrr,101,bursty,ledger,8,2.0,200,120,80,48600,24300.0,0.195616,0.171114,0.345354,0.875829,3.361138,0.999193,451,502,0,17087,27679,1.27122
x86_64,result-ubuntu-24.04-N101-ledger-bursty,dguard,101,bursty,ledger,8,2.0,200,120,80,49874,24937.0,0.004263,8e-05,0.000231,0.128767,0.675462,0.999196,460,513,0,0,0,0.0
x86_64,result-ubuntu-24.04-N101-ledger-bursty,fifo,101,bursty,ledger,8,2.0,200,120,80,48715,24357.5,0.187894,0.177325,0.331687,0.453559,0.838081,0.999211,451,502,0,18005,0,0.0
x86_64,result-ubuntu-24.04-N101-ledger-bursty,waiter,101,bursty,ledger,8,2.0,200,120,80,49920,24960.0,0.09084,0.087341,0.136865,0.156041,0.51423,0.999202,461,515,0,0,0,0.0
x86_64,result-ubuntu-24.04-N101-ledger-bursty,agemwis,101,bursty,ledger,8,2.0,200,120,80,48890,24445.0,0.173402,0.167882,0.281477,0.357441,0.742196,0.999218,453,504,0,17895,0,0.0
arm64,result-ubuntu-24.04-arm-N501-ledger-bursty,gfgrr,501,bursty,ledger,1,2.0,200,120,80,229542,114771.0,0.366842,0.306625,0.79507,1.334865,4.666877,0.999006,428,494,0,8491,139965,1.91669
arm64,result-ubuntu-24.04-arm-N501-ledger-bursty,dguard,501,bursty,ledger,1,2.0,200,120,80,245684,122842.0,0.004117,0.000208,0.00036,0.118056,0.94822,0.999108,456,521,0,0,0,0.0
arm64,result-ubuntu-24.04-arm-N501-ledger-bursty,fifo,501,bursty,ledger,1,2.0,200,120,80,183797,91898.5,1.472052,1.455972,2.153395,2.568633,3.607301,0.99904,345,390,0,12964,0,0.0
arm64,result-ubuntu-24.04-arm-N501-ledger-bursty,waiter,501,bursty,ledger,1,2.0,200,120,80,245915,122957.5,0.086407,0.078058,0.134316,0.155805,1.210562,0.999102,456,523,0,0,0,0.0
arm64,result-ubuntu-24.04-arm-N501-ledger-bursty,agemwis,501,bursty,ledger,1,2.0,200,120,80,234877,117438.5,0.273584,0.256297,0.474216,0.62552,1.789101,0.999087,437,501,0,10751,0,0.0
arm64,result-ubuntu-24.04-arm-N501-ledger-bursty,gfgrr,501,bursty,ledger,2,2.0,200,120,80,238335,119167.5,0.300084,0.274009,0.559437,0.779058,2.567903,0.998877,434,504,0,9602,142536,1.800149
arm64,result-ubuntu-24.04-arm-N501-ledger-bursty,dguard,501,bursty,ledger,2,2.0,200,120,80,250737,125368.5,0.004011,0.000208,0.000368,0.116497,0.376316,0.999086,463,528,0,0,0,0.0
arm64,result-ubuntu-24.04-arm-N501-ledger-bursty,fifo,501,bursty,ledger,2,2.0,200,120,80,184858,92429.0,1.510919,1.484106,2.231674,2.607274,4.065845,0.999272,344,389,0,12931,0,0.0
arm64,result-ubuntu-24.04-arm-N501-ledger-bursty,waiter,501,bursty,ledger,2,2.0,200,120,80,250879,125439.5,0.085855,0.076722,0.134253,0.155342,0.528328,0.999089,465,528,0,0,0,0.0
arm64,result-ubuntu-24.04-arm-N501-ledger-bursty,agemwis,501,bursty,ledger,2,2.0,200,120,80,238997,119498.5,0.288492,0.268113,0.515475,0.688005,1.446364,0.998889,434,504,0,10016,0,0.0
arm64,result-ubuntu-24.04-arm-N501-ledger-bursty,gfgrr,501,bursty,ledger,3,2.0,200,120,80,235644,117822.0,0.290531,0.26856,0.528305,0.717552,1.403819,0.998895,435,503,0,9989,139604,0.809153
arm64,result-ubuntu-24.04-arm-N501-ledger-bursty,dguard,501,bursty,ledger,3,2.0,200,120,80,247422,123711.0,0.003971,0.000208,0.00036,0.117094,0.787672,0.998961,457,526,0,0,0,0.0
arm64,result-ubuntu-24.04-arm-N501-ledger-bursty,fifo,501,bursty,ledger,3,2.0,200,120,80,184270,92135.0,1.466917,1.429528,2.266518,2.711318,3.591671,0.998899,341,390,0,13141,0,0.0
arm64,result-ubuntu-24.04-arm-N501-ledger-bursty,waiter,501,bursty,ledger,3,2.0,200,120,80,247526,123763.0,0.086835,0.078947,0.135564,0.156842,0.439765,0.998961,457,526,0,0,0,0.0
arm64,result-ubuntu-24.04-arm-N501-ledger-bursty,agemwis,501,bursty,ledger,3,2.0,200,120,80,236230,118115.0,0.27994,0.259784,0.496276,0.668093,2.085696,0.998907,437,503,0,10465,0,0.0
arm64,result-ubuntu-24.04-arm-N501-ledger-bursty,gfgrr,501,bursty,ledger,4,2.0,200,120,80,237507,118753.5,0.300283,0.276417,0.552949,0.759471,1.93555,0.999581,452,499,0,9639,141723,0.903996
arm64,result-ubuntu-24.04-arm-N501-ledger-bursty,dguard,501,bursty,ledger,4,2.0,200,120,80,249977,124988.5,0.004036,0.000208,0.000368,0.117795,0.49316,0.999657,478,528,0,0,0,0.0
arm64,result-ubuntu-24.04-arm-N501-ledger-bursty,fifo,501,bursty,ledger,4,2.0,200,120,80,185890,92945.0,1.508299,1.492384,2.187471,2.570543,3.178126,0.99962,352,388,0,12993,0,0.0
arm64,result-ubuntu-24.04-arm-N501-ledger-bursty,waiter,501,bursty,ledger,4,2.0,200,120,80,250184,125092.0,0.085867,0.07743,0.134364,0.154293,0.568866,0.999655,478,528,0,0,0,0.0
arm64,result-ubuntu-24.04-arm-N501-ledger-bursty,agemwis,501,bursty,ledger,4,2.0,200,120,80,238214,119107.0,0.286098,0.266752,0.510226,0.672627,1.517421,0.999593,454,501,0,10198,0,0.0
arm64,result-ubuntu-24.04-arm-N501-ledger-bursty,gfgrr,501,bursty,ledger,5,2.0,200,120,80,239007,119503.5,0.288298,0.26648,0.521528,0.713331,1.905041,0.999027,438,507,0,10220,142250,0.882506
arm64,result-ubuntu-24.04-arm-N501-ledger-bursty,dguard,501,bursty,ledger,5,2.0,200,120,80,250963,125481.5,0.004015,0.000216,0.000368,0.117017,1.398306,0.999047,463,529,0,0,0,0.0
arm64,result-ubuntu-24.04-arm-N501-ledger-bursty,fifo,501,bursty,ledger,5,2.0,200,120,80,183518,91759.0,1.551573,1.527709,2.277411,2.658059,3.725479,0.999201,338,384,0,13189,0,0.0
arm64,result-ubuntu-24.04-arm-N501-ledger-bursty,waiter,501,bursty,ledger,5,2.0,200,120,80,251189,125594.5,0.08618,0.076963,0.133809,0.15419,0.459702,0.999047,463,530,0,0,0,0.0
arm64,result-ubuntu-24.04-arm-N501-ledger-bursty,agemwis,501,bursty,ledger,5,2.0,200,120,80,239610,119805.0,0.277879,0.25996,0.484356,0.641599,1.947494,0.999042,439,507,0,10535,0,0.0
arm64,result-ubuntu-24.04-arm-N501-ledger-bursty,gfgrr,501,bursty,ledger,6,2.0,200,120,80,238972,119486.0,0.30359,0.275737,0.56653,0.818168,3.341306,0.998808,432,527,0,9629,142676,1.899501
arm64,result-ubuntu-24.04-arm-N501-ledger-bursty,dguard,501,bursty,ledger,6,2.0,200,120,80,251743,125871.5,0.003984,0.000208,0.000368,0.11714,0.972783,0.998997,464,548,0,0,0,0.0
arm64,result-ubuntu-24.04-arm-N501-ledger-bursty,fifo,501,bursty,ledger,6,2.0,200,120,80,186989,93494.5,1.487317,1.468246,2.146841,2.40657,3.096042,0.998919,346,410,0,13136,0,0.0
arm64,result-ubuntu-24.04-arm-N501-ledger-bursty,waiter,501,bursty,ledger,6,2.0,200,120,80,251952,125976.0,0.086078,0.076835,0.134324,0.15458,0.508808,0.998994,465,548,0,0,0,0.0
arm64,result-ubuntu-24.04-arm-N501-ledger-bursty,agemwis,501,bursty,ledger,6,2.0,200,120,80,239427,119713.5,0.296306,0.273729,0.538135,0.735819,1.826289,0.998827,434,528,0,9916,0,0.0
arm64,result-ubuntu-24.04-arm-N501-ledger-bursty,gfgrr,501,bursty,ledger,7,2.0,200,120,80,237466,118733.0,0.28399,0.263289,0.508653,0.68918,2.584617,0.998775,437,520,0,10222,140506,2.003014
arm64,result-ubuntu-24.04-arm-N501-ledger-bursty,dguard,501,bursty,ledger,7,2.0,200,120,80,249145,124572.5,0.004055,0.000216,0.000368,0.117192,1.508167,0.998778,458,550,0,0,0,0.0
arm64,result-ubuntu-24.04-arm-N501-ledger-bursty,fifo,501,bursty,ledger,7,2.0,200,120,80,184209,92104.5,1.503616,1.434301,2.291098,3.102014,6.747569,0.999139,341,392,0,13131,0,0.0
arm64,result-ubuntu-24.04-arm-N501-ledger-bursty,waiter,501,bursty,ledger,7,2.0,200,120,80,249353,124676.5,0.086442,0.077346,0.134652,0.154968,1.153987,0.998779,458,551,0,0,0,0.0
arm64,result-ubuntu-24.04-arm-N501-ledger-bursty,agemwis,501,bursty,ledger,7,2.0,200,120,80,238195,119097.5,0.271036,0.254496,0.465622,0.609796,1.234982,0.998788,439,523,0,10767,0,0.0
arm64,result-ubuntu-24.04-arm-N501-ledger-bursty,gfgrr,501,bursty,ledger,8,2.0,200,120,80,236971,118485.5,0.278927,0.257735,0.499183,0.684286,2.367776,0.999169,441,496,0,10538,139649,1.486397
arm64,result-ubuntu-24.04-arm-N501-ledger-bursty,dguard,501,bursty,ledger,8,2.0,200,120,80,248641,124320.5,0.003988,0.000208,0.000361,0.116697,0.400812,0.999164,462,519,0,0,0,0.0
arm64,result-ubuntu-24.04-arm-N501-ledger-bursty,fifo,501,bursty,ledger,8,2.0,200,120,80,186770,93385.0,1.411588,1.399713,2.057009,2.350695,3.223093,0.999012,343,394,0,13287,0,0.0
arm64,result-ubuntu-24.04-arm-N501-ledger-bursty,waiter,501,bursty,ledger,8,2.0,200,120,80,248775,124387.5,0.086395,0.077202,0.134364,0.156518,1.654832,0.999165,461,519,0,0,0,0.0
arm64,result-ubuntu-24.04-arm-N501-ledger-bursty,agemwis,501,bursty,ledger,8,2.0,200,120,80,237169,118584.5,0.27544,0.255807,0.481774,0.653723,3.200669,0.999165,441,497,0,10738,0,0.0
x86_64,result-ubuntu-24.04-N101-ledger-saturated,gfgrr,101,saturated,ledger,1,2.0,200,120,80,141647,70823.5,1.425356,1.321907,2.465324,3.616976,10.589051,0.990667,1075,1546,0,3444,150433,9.301567
x86_64,result-ubuntu-24.04-N101-ledger-saturated,dguard,101,saturated,ledger,1,2.0,200,120,80,197464,98732.0,0.660902,0.00012,3.523036,6.111397,28.070683,0.998229,1749,2182,0,0,0,0.0
x86_64,result-ubuntu-24.04-N101-ledger-saturated,fifo,101,saturated,ledger,1,2.0,200,120,80,30761,15380.5,6.585323,5.656141,11.820804,13.638964,15.590948,0.999975,302,307,0,11078,0,0.0
x86_64,result-ubuntu-24.04-N101-ledger-saturated,waiter,101,saturated,ledger,1,2.0,200,120,80,17568,8784.0,11.384301,0.122468,105.267316,135.597836,181.892694,0.787971,69,480,0,0,0,0.0
x86_64,result-ubuntu-24.04-N101-ledger-saturated,agemwis,101,saturated,ledger,1,2.0,200,120,80,156158,78079.0,1.293197,1.240867,2.659467,3.730999,10.081015,0.991001,1202,1702,0,3667,0,0.0
x86_64,result-ubuntu-24.04-N101-ledger-saturated,gfgrr,101,saturated,ledger,2,2.0,200,120,80,159553,79776.5,1.26565,1.170986,2.232616,3.211102,8.633956,0.987028,1216,1796,0,4002,169646,7.228734
x86_64,result-ubuntu-24.04-N101-ledger-saturated,dguard,101,saturated,ledger,2,2.0,200,120,80,205028,102514.0,0.634117,0.00012,3.292316,5.754065,34.778705,0.997286,1783,2302,0,0,0,0.0
x86_64,result-ubuntu-24.04-N101-ledger-saturated,fifo,101,saturated,ledger,2,2.0,200,120,80,52030,26015.0,3.88511,3.473968,6.716003,7.936182,9.126355,0.999992,512,518,0,11453,0,0.0
x86_64,result-ubuntu-24.04-N101-ledger-saturated,waiter,101,saturated,ledger,2,2.0,200,120,80,18609,9304.5,10.789568,0.124301,83.598789,101.647375,116.804546,0.80557,73,586,0,0,0,0.0
x86_64,result-ubuntu-24.04-N101-ledger-saturated,agemwis,101,saturated,ledger,2,2.0,200,120,80,158019,79009.5,1.277719,1.220707,2.685623,3.732438,7.313189,0.990027,1179,1730,0,3709,0,0.0
x86_64,result-ubuntu-24.04-N101-ledger-saturated,gfgrr,101,saturated,ledger,3,2.0,200,120,80,159705,79852.5,1.264374,1.18293,2.208299,3.068164,9.009332,0.988584,1227,1785,0,3940,169203,7.905398
x86_64,result-ubuntu-24.04-N101-ledger-saturated,dguard,101,saturated,ledger,3,2.0,200,120,80,204648,102324.0,0.635864,0.00012,3.131978,5.002817,35.033854,0.99899,1861,2194,0,0,0,0.0
x86_64,result-ubuntu-24.04-N101-ledger-saturated,fifo,101,saturated,ledger,3,2.0,200,120,80,37710,18855.0,5.368989,4.531064,10.788841,13.350907,14.902098,0.999991,372,376,0,11398,0,0.0
x86_64,result-ubuntu-24.04-N101-ledger-saturated,waiter,101,saturated,ledger,3,2.0,200,120,80,18217,9108.5,10.956421,0.123919,87.623677,115.911483,142.831571,0.778669,71,652,0,0,0,0.0
x86_64,result-ubuntu-24.04-N101-ledger-saturated,agemwis,101,saturated,ledger,3,2.0,200,120,80,156542,78271.0,1.28996,1.237061,2.650977,3.624725,9.686237,0.990071,1189,1726,0,3720,0,0.0
x86_64,result-ubuntu-24.04-N101-ledger-saturated,gfgrr,101,saturated,ledger,4,2.0,200,120,80,159026,79513.0,1.26968,1.184829,2.23445,3.115504,9.705763,0.988061,1177,1779,0,3936,168713,8.576397
x86_64,result-ubuntu-24.04-N101-ledger-saturated,dguard,101,saturated,ledger,4,2.0,200,120,80,214345,107172.5,0.603093,0.00012,2.458814,4.59257,19.088856,0.999221,1922,2275,0,0,0,0.0
x86_64,result-ubuntu-24.04-N101-ledger-saturated,fifo,101,saturated,ledger,4,2.0,200,120,80,48828,24414.0,4.143158,3.654993,6.769745,7.996565,9.287049,0.999987,480,486,0,11653,0,0.0
x86_64,result-ubuntu-24.04-N101-ledger-saturated,waiter,101,saturated,ledger,4,2.0,200,120,80,17965,8982.5,11.250176,0.123432,100.343069,126.025012,167.183654,0.730343,70,590,0,0,0,0.0
x86_64,result-ubuntu-24.04-N101-ledger-saturated,agemwis,101,saturated,ledger,4,2.0,200,120,80,158616,79308.0,1.273088,1.203349,2.706325,3.778011,9.865178,0.988551,1194,1806,0,3757,0,0.0
x86_64,result-ubuntu-24.04-N101-ledger-saturated,gfgrr,101,saturated,ledger,5,2.0,200,120,80,159115,79557.5,1.269103,1.183676,2.226244,3.139142,10.229785,0.988203,1205,1772,0,3918,168373,9.110849
x86_64,result-ubuntu-24.04-N101-ledger-saturated,dguard,101,saturated,ledger,5,2.0,200,120,80,205498,102749.0,0.631826,0.00012,3.199833,5.532012,32.240844,0.997891,1759,2243,0,0,0,0.0
x86_64,result-ubuntu-24.04-N101-ledger-saturated,fifo,101,saturated,ledger,5,2.0,200,120,80,15852,7926.0,12.76993,12.451135,16.655652,17.80443,18.273842,0.999978,156,158,0,9236,0,0.0
x86_64,result-ubuntu-24.04-N101-ledger-saturated,waiter,101,saturated,ledger,5,2.0,200,120,80,18426,9213.0,10.846327,0.123935,89.644521,112.305763,127.583938,0.85001,92,484,0,0,0,0.0
x86_64,result-ubuntu-24.04-N101-ledger-saturated,agemwis,101,saturated,ledger,5,2.0,200,120,80,158801,79400.5,1.271588,1.224883,2.671547,3.666254,7.713012,0.990038,1199,1754,0,3749,0,0.0
x86_64,result-ubuntu-24.04-N101-ledger-saturated,gfgrr,101,saturated,ledger,6,2.0,200,120,80,158818,79409.0,1.271623,1.177956,2.223719,3.189892,9.518392,0.98859,1204,1761,0,3936,168550,9.049261
x86_64,result-ubuntu-24.04-N101-ledger-saturated,dguard,101,saturated,ledger,6,2.0,200,120,80,202213,101106.5,0.643911,0.00012,3.450514,6.042479,37.632606,0.997675,1805,2232,0,0,0,0.0
x86_64,result-ubuntu-24.04-N101-ledger-saturated,fifo,101,saturated,ledger,6,2.0,200,120,80,54154,27077.0,3.734588,3.388269,5.854076,7.41736,8.470197,0.999986,532,540,0,11576,0,0.0
x86_64,result-ubuntu-24.04-N101-ledger-saturated,waiter,101,saturated,ledger,6,2.0,200,120,80,18532,9266.0,11.147141,0.12405,81.338635,115.167922,136.382589,0.809414,87,565,0,0,0,0.0
x86_64,result-ubuntu-24.04-N101-ledger-saturated,agemwis,101,saturated,ledger,6,2.0,200,120,80,160026,80013.0,1.261921,1.20542,2.650634,3.698847,8.155757,0.988655,1167,1834,0,3749,0,0.0
x86_64,result-ubuntu-24.04-N101-ledger-saturated,gfgrr,101,saturated,ledger,7,2.0,200,120,80,160753,80376.5,1.256058,1.155533,2.215028,3.193558,8.669509,0.985289,1195,1830,0,4052,171362,7.457651
x86_64,result-ubuntu-24.04-N101-ledger-saturated,dguard,101,saturated,ledger,7,2.0,200,120,80,212067,106033.5,0.610948,0.000111,2.583832,4.610767,16.311017,0.999208,1979,2214,0,0,0,0.0
x86_64,result-ubuntu-24.04-N101-ledger-saturated,fifo,101,saturated,ledger,7,2.0,200,120,80,46535,23267.5,4.345216,3.861336,7.507757,8.598025,17.291371,0.999985,457,464,0,11656,0,0.0
x86_64,result-ubuntu-24.04-N101-ledger-saturated,waiter,101,saturated,ledger,7,2.0,200,120,80,18134,9067.0,11.13455,0.123429,95.048027,124.721255,163.204455,0.769708,85,620,0,0,0,0.0
x86_64,result-ubuntu-24.04-N101-ledger-saturated,agemwis,101,saturated,ledger,7,2.0,200,120,80,167138,83569.0,1.208486,1.136995,2.590559,3.637598,10.056892,0.986423,1270,1929,0,3956,0,0.0
x86_64,result-ubuntu-24.04-N101-ledger-saturated,gfgrr,101,saturated,ledger,8,2.0,200,120,80,160653,80326.5,1.256823,1.170763,2.212227,3.136087,9.223647,0.988128,1209,1803,0,4004,170792,8.272061
x86_64,result-ubuntu-24.04-N101-ledger-saturated,dguard,101,saturated,ledger,8,2.0,200,120,80,206753,103376.5,0.625081,0.00012,2.970692,4.947835,30.21146,0.998639,1877,2272,0,0,0,0.0
x86_64,result-ubuntu-24.04-N101-ledger-saturated,fifo,101,saturated,ledger,8,2.0,200,120,80,51471,25735.5,3.926523,3.688895,5.636862,6.446603,7.322959,0.999985,507,513,0,11691,0,0.0
x86_64,result-ubuntu-24.04-N101-ledger-saturated,waiter,101,saturated,ledger,8,2.0,200,120,80,18390,9195.0,11.340653,0.124461,86.42178,129.987048,194.734962,0.820438,71,524,0,0,0,0.0
x86_64,result-ubuntu-24.04-N101-ledger-saturated,agemwis,101,saturated,ledger,8,2.0,200,120,80,156679,78339.5,1.289055,1.238047,2.707685,3.822815,8.264179,0.990041,1149,1730,0,3672,0,0.0
x86_64,result-ubuntu-24.04-N501-ledger-saturated,gfgrr,501,saturated,ledger,1,2.0,200,120,80,320373,160186.5,3.124429,3.031072,4.235434,6.663803,31.31324,0.996938,463,665,0,1455,342416,28.323295
x86_64,result-ubuntu-24.04-N501-ledger-saturated,dguard,501,saturated,ledger,1,2.0,200,120,80,353500,176750.0,1.824074,0.000168,8.827785,15.863815,52.877421,0.786348,312,2593,0,0,0,0.0
x86_64,result-ubuntu-24.04-N501-ledger-saturated,fifo,501,saturated,ledger,1,2.0,200,120,80,13119,6559.5,76.42926,76.227502,84.799963,86.182243,88.339351,0.99978,26,27,0,9913,0,0.0
x86_64,result-ubuntu-24.04-N501-ledger-saturated,waiter,501,saturated,ledger,1,2.0,200,120,80,19819,9909.5,25.147697,0.103217,0.143433,903.212122,1604.94743,0.110439,1,984,0,0,0,0.0
x86_64,result-ubuntu-24.04-N501-ledger-saturated,agemwis,501,saturated,ledger,1,2.0,200,120,80,328770,164385.0,3.046522,2.976071,5.728071,7.527652,15.789155,0.997002,465,725,0,1452,0,0.0
x86_64,result-ubuntu-24.04-N501-ledger-saturated,gfgrr,501,saturated,ledger,2,2.0,200,120,80,333271,166635.5,3.006099,2.98162,3.432813,5.906529,28.703945,0.9971,477,687,0,1481,354319,30.456713
x86_64,result-ubuntu-24.04-N501-ledger-saturated,dguard,501,saturated,ledger,2,2.0,200,120,80,330824,165412.0,2.097091,1.389817,7.798395,13.211655,45.341159,0.995446,542,810,0,0,0,0.0
x86_64,result-ubuntu-24.04-N501-ledger-saturated,fifo,501,saturated,ledger,2,2.0,200,120,80,42097,21048.5,23.923279,22.80784,33.508012,34.76208,37.516444,0.999988,83,85,0,13064,0,0.0
x86_64,result-ubuntu-24.04-N501-ledger-saturated,waiter,501,saturated,ledger,2,2.0,200,120,80,19887,9943.5,36.857418,0.10196,0.144667,1530.385808,1795.90793,0.126072,1,1174,0,0,0,0.0
x86_64,result-ubuntu-24.04-N501-ledger-saturated,agemwis,501,saturated,ledger,2,2.0,200,120,80,325186,162593.0,3.080826,3.05624,5.575715,7.981177,19.306786,0.997515,459,693,0,1419,0,0.0
x86_64,result-ubuntu-24.04-N501-ledger-saturated,gfgrr,501,saturated,ledger,3,2.0,200,120,80,331808,165904.0,3.019201,2.99124,3.590519,5.891307,40.082794,0.996805,473,686,0,1454,350928,37.313649
x86_64,result-ubuntu-24.04-N501-ledger-saturated,dguard,501,saturated,ledger,3,2.0,200,120,80,323896,161948.0,2.12493,1.338642,8.611358,15.047168,77.819129,0.955071,450,1083,0,0,0,0.0
x86_64,result-ubuntu-24.04-N501-ledger-saturated,fifo,501,saturated,ledger,3,2.0,200,120,80,13589,6794.5,74.024036,74.047872,84.640785,85.61135,86.379563,0.999853,27,28,0,10690,0,0.0
x86_64,result-ubuntu-24.04-N501-ledger-saturated,waiter,501,saturated,ledger,3,2.0,200,120,80,19515,9757.5,19.100967,0.104118,0.140776,1061.385474,2080.376309,0.11009,0,896,140,0,0,0.0
x86_64,result-ubuntu-24.04-N501-ledger-saturated,agemwis,501,saturated,ledger,3,2.0,200,120,80,329637,164818.5,3.038067,3.012999,5.689246,7.82473,19.704869,0.997415,463,722,0,1457,0,0.0
x86_64,result-ubuntu-24.04-N501-ledger-saturated,gfgrr,501,saturated,ledger,4,2.0,200,120,80,337796,168898.0,2.965318,2.918059,3.496614,5.6488,16.550864,0.99739,474,692,0,1476,357417,13.79182
x86_64,result-ubuntu-24.04-N501-ledger-saturated,dguard,501,saturated,ledger,4,2.0,200,120,80,333946,166973.0,2.064253,1.358715,8.066021,13.54434,76.053879,0.995936,564,839,0,0,0,0.0
x86_64,result-ubuntu-24.04-N501-ledger-saturated,fifo,501,saturated,ledger,4,2.0,200,120,80,10986,5493.0,91.613655,90.648371,100.244113,102.205261,102.587221,0.999861,21,22,0,9792,0,0.0
x86_64,result-ubuntu-24.04-N501-ledger-saturated,waiter,501,saturated,ledger,4,2.0,200,120,80,19620,9810.0,25.763355,0.103465,0.142677,1410.415265,2103.770625,0.14703,0,725,38,0,0,0.0
x86_64,result-ubuntu-24.04-N501-ledger-saturated,agemwis,501,saturated,ledger,4,2.0,200,120,80,333497,166748.5,3.002953,3.017925,5.585037,7.585983,16.998236,0.997483,483,722,0,1478,0,0.0
x86_64,result-ubuntu-24.04-N501-ledger-saturated,gfgrr,501,saturated,ledger,5,2.0,200,120,80,329112,164556.0,3.043262,2.999191,3.693238,5.935751,27.687857,0.996653,476,678,0,1453,350674,24.61902
x86_64,result-ubuntu-24.04-N501-ledger-saturated,dguard,501,saturated,ledger,5,2.0,200,120,80,331283,165641.5,2.090487,1.416071,7.91913,13.394871,50.134183,0.995031,531,805,0,0,0,0.0
x86_64,result-ubuntu-24.04-N501-ledger-saturated,fifo,501,saturated,ledger,5,2.0,200,120,80,22967,11483.5,43.774489,44.076884,50.668882,51.523683,52.710122,0.999937,45,46,0,12270,0,0.0
x86_64,result-ubuntu-24.04-N501-ledger-saturated,waiter,501,saturated,ledger,5,2.0,200,120,80,19690,9845.0,25.187155,0.103334,0.143301,1108.338567,1986.34794,0.182363,1,715,0,0,0,0.0
x86_64,result-ubuntu-24.04-N501-ledger-saturated,agemwis,501,saturated,ledger,5,2.0,200,120,80,329175,164587.5,3.044024,2.991118,5.678971,7.482394,18.027939,0.997543,476,727,0,1432,0,0.0
x86_64,result-ubuntu-24.04-N501-ledger-saturated,gfgrr,501,saturated,ledger,6,2.0,200,120,80,336994,168497.0,2.971719,2.923697,3.506758,5.860722,25.036133,0.996681,490,696,0,1480,357557,21.783905
x86_64,result-ubuntu-24.04-N501-ledger-saturated,dguard,501,saturated,ledger,6,2.0,200,120,80,332958,166479.0,2.085182,1.378804,7.83981,13.214222,46.644816,0.996093,577,785,0,0,0,0.0
x86_64,result-ubuntu-24.04-N501-ledger-saturated,fifo,501,saturated,ledger,6,2.0,200,120,80,34170,17085.0,29.382852,28.615274,34.614271,38.697474,40.322595,0.999965,68,69,0,12600,0,0.0
x86_64,result-ubuntu-24.04-N501-ledger-saturated,waiter,501,saturated,ledger,6,2.0,200,120,80,20067,10033.5,36.720696,0.104978,0.416016,1143.954006,1370.689483,0.163499,1,973,0,0,0,0.0
x86_64,result-ubuntu-24.04-N501-ledger-saturated,agemwis,501,saturated,ledger,6,2.0,200,120,80,325983,162991.5,3.072796,3.028327,5.593584,7.698652,20.075275,0.997342,459,724,0,1414,0,0.0
x86_64,result-ubuntu-24.04-N501-ledger-saturated,gfgrr,501,saturated,ledger,7,2.0,200,120,80,329693,164846.5,3.038622,2.965775,3.873374,5.977726,22.13014,0.996848,468,681,0,1463,351328,18.231291
x86_64,result-ubuntu-24.04-N501-ledger-saturated,dguard,501,saturated,ledger,7,2.0,200,120,80,327023,163511.5,2.101118,1.379939,8.319686,13.699595,46.837978,0.990765,513,850,0,0,0,0.0
x86_64,result-ubuntu-24.04-N501-ledger-saturated,fifo,501,saturated,ledger,7,2.0,200,120,80,15765,7882.5,63.973046,63.882693,71.125454,74.726003,76.038404,0.999749,31,32,0,10786,0,0.0
x86_64,result-ubuntu-24.04-N501-ledger-saturated,waiter,501,saturated,ledger,7,2.0,200,120,80,19702,9851.0,32.188701,0.102536,0.141628,1622.311252,2103.305221,0.133618,0,764,10,0,0,0.0
x86_64,result-ubuntu-24.04-N501-ledger-saturated,agemwis,501,saturated,ledger,7,2.0,200,120,80,330376,165188.0,3.030917,3.006519,5.690328,7.739657,17.630697,0.997342,480,702,0,1449,0,0.0
x86_64,result-ubuntu-24.04-N501-ledger-saturated,gfgrr,501,saturated,ledger,8,2.0,200,120,80,337580,168790.0,2.966329,2.936269,3.399692,5.725309,20.892629,0.9968,490,693,0,1481,358190,17.944733
x86_64,result-ubuntu-24.04-N501-ledger-saturated,dguard,501,saturated,ledger,8,2.0,200,120,80,332213,166106.5,2.087116,1.3644,8.173102,13.481853,57.046205,0.988435,533,849,0,0,0,0.0
x86_64,result-ubuntu-24.04-N501-ledger-saturated,fifo,501,saturated,ledger,8,2.0,200,120,80,48368,24184.0,20.775309,19.47342,29.779093,30.880335,31.671871,0.999973,96,97,0,13153,0,0.0
x86_64,result-ubuntu-24.04-N501-ledger-saturated,waiter,501,saturated,ledger,8,2.0,200,120,80,19775,9887.5,31.909012,0.103313,0.145464,1391.406855,1847.249457,0.160658,1,788,0,0,0,0.0
x86_64,result-ubuntu-24.04-N501-ledger-saturated,agemwis,501,saturated,ledger,8,2.0,200,120,80,331626,165813.0,3.020563,2.968873,5.565873,7.54548,19.390674,0.997152,470,718,0,1436,0,0.0
x86_64,result-ubuntu-24.04-N501-kv-bursty,gfgrr,501,bursty,kv,1,2.0,200,120,80,123910,61955.0,4.137749,3.872059,7.796056,10.006753,24.814268,0.989364,183,296,0,812,122793,18.784874
x86_64,result-ubuntu-24.04-N501-kv-bursty,dguard,501,bursty,kv,1,2.0,200,120,80,232872,116436.0,0.027661,0.00012,0.173045,0.371141,39.038097,0.998443,434,499,0,0,0,0.0
x86_64,result-ubuntu-24.04-N501-kv-bursty,fifo,501,bursty,kv,1,2.0,200,120,80,87497,43748.5,7.485603,6.631993,12.936445,14.45932,17.884064,0.999477,164,182,0,6227,0,0.0
x86_64,result-ubuntu-24.04-N501-kv-bursty,waiter,501,bursty,kv,1,2.0,200,120,80,235865,117932.5,0.1828,0.159587,0.323188,0.479897,1.910469,0.998475,444,502,0,0,0,0.0
x86_64,result-ubuntu-24.04-N501-kv-bursty,agemwis,501,bursty,kv,1,2.0,200,120,80,129040,64520.0,3.807429,3.636125,6.953878,8.653936,19.541019,0.990976,196,314,0,886,0,0.0
x86_64,result-ubuntu-24.04-N501-kv-bursty,gfgrr,501,bursty,kv,2,2.0,200,120,80,126867,63433.5,3.851309,3.610056,7.232914,8.955434,20.015169,0.988575,185,309,0,856,123303,15.797696
x86_64,result-ubuntu-24.04-N501-kv-bursty,dguard,501,bursty,kv,2,2.0,200,120,80,225398,112699.0,0.064922,0.00012,0.201397,0.861536,60.376577,0.999366,422,480,0,0,0,0.0
x86_64,result-ubuntu-24.04-N501-kv-bursty,fifo,501,bursty,kv,2,2.0,200,120,80,99776,49888.0,6.025079,5.984763,7.154298,7.69789,9.08625,0.99927,187,209,0,7036,0,0.0
x86_64,result-ubuntu-24.04-N501-kv-bursty,waiter,501,bursty,kv,2,2.0,200,120,80,234335,117167.5,0.181646,0.157223,0.320412,0.473159,3.783287,0.999526,448,493,0,0,0,0.0
x86_64,result-ubuntu-24.04-N501-kv-bursty,agemwis,501,bursty,kv,2,2.0,200,120,80,124949,62474.5,3.961707,3.704212,7.575192,10.039731,26.280322,0.990629,188,305,0,861,0,0.0
x86_64,result-ubuntu-24.04-N501-kv-bursty,gfgrr,501,bursty,kv,3,2.0,200,120,80,126376,63188.0,3.858515,3.626779,7.23128,9.032796,19.836146,0.990414,190,296,0,879,122649,14.790106
x86_64,result-ubuntu-24.04-N501-kv-bursty,dguard,501,bursty,kv,3,2.0,200,120,80,233046,116523.0,0.022308,0.00012,0.17832,0.384437,5.479801,0.99911,433,485,0,0,0,0.0
x86_64,result-ubuntu-24.04-N501-kv-bursty,fifo,501,bursty,kv,3,2.0,200,120,80,99954,49977.0,5.981255,5.884948,7.233451,8.796958,10.280886,0.999776,192,206,0,7108,0,0.0
x86_64,result-ubuntu-24.04-N501-kv-bursty,waiter,501,bursty,kv,3,2.0,200,120,80,235347,117673.5,0.18135,0.157384,0.322813,0.484871,3.689646,0.99911,437,488,0,0,0,0.0
x86_64,result-ubuntu-24.04-N501-kv-bursty,agemwis,501,bursty,kv,3,2.0,200,120,80,128565,64282.5,3.718232,3.533715,6.878481,8.648086,19.815109,0.992505,199,298,0,913,0,0.0
x86_64,result-ubuntu-24.04-N501-kv-bursty,gfgrr,501,bursty,kv,4,2.0,200,120,80,127893,63946.5,3.941618,3.700226,7.455239,9.341351,21.802129,0.989823,192,301,0,846,125547,16.505664
x86_64,result-ubuntu-24.04-N501-kv-bursty,dguard,501,bursty,kv,4,2.0,200,120,80,237166,118583.0,0.02804,0.00012,0.180204,0.383821,35.999895,0.999326,449,500,0,0,0,0.0
x86_64,result-ubuntu-24.04-N501-kv-bursty,fifo,501,bursty,kv,4,2.0,200,120,80,98826,49413.0,6.246741,6.179787,7.402857,8.340167,9.8602,0.999627,189,208,0,6963,0,0.0
x86_64,result-ubuntu-24.04-N501-kv-bursty,waiter,501,bursty,kv,4,2.0,200,120,80,239586,119793.0,0.182955,0.158105,0.325636,0.494979,2.876853,0.999351,454,503,0,0,0,0.0
x86_64,result-ubuntu-24.04-N501-kv-bursty,agemwis,501,bursty,kv,4,2.0,200,120,80,129206,64603.0,3.85572,3.698949,6.979151,8.446125,17.747959,0.991628,204,315,0,860,0,0.0
x86_64,result-ubuntu-24.04-N501-kv-bursty,gfgrr,501,bursty,kv,5,2.0,200,120,80,127643,63821.5,3.849736,3.618188,7.281686,9.069639,22.661467,0.989771,191,308,0,877,123406,18.406392
x86_64,result-ubuntu-24.04-N501-kv-bursty,dguard,501,bursty,kv,5,2.0,200,120,80,236571,118285.5,0.025401,0.00012,0.17389,0.3625,34.991086,0.9989,431,516,0,0,0,0.0
x86_64,result-ubuntu-24.04-N501-kv-bursty,fifo,501,bursty,kv,5,2.0,200,120,80,99211,49605.5,6.129716,6.111001,7.175911,7.584289,8.56908,0.999741,191,205,0,7065,0,0.0
x86_64,result-ubuntu-24.04-N501-kv-bursty,waiter,501,bursty,kv,5,2.0,200,120,80,238499,119249.5,0.184838,0.157484,0.326459,0.513491,6.02691,0.998886,441,519,0,0,0,0.0
x86_64,result-ubuntu-24.04-N501-kv-bursty,agemwis,501,bursty,kv,5,2.0,200,120,80,126018,63009.0,3.950819,3.789315,7.249351,8.91762,18.30536,0.991218,190,308,0,862,0,0.0
x86_64,result-ubuntu-24.04-N501-kv-bursty,gfgrr,501,bursty,kv,6,2.0,200,120,80,129555,64777.5,3.852545,3.605391,7.268105,9.246614,19.512573,0.990059,190,307,0,863,126670,15.538183
x86_64,result-ubuntu-24.04-N501-kv-bursty,dguard,501,bursty,kv,6,2.0,200,120,80,242200,121100.0,0.021298,0.00012,0.184294,0.365993,3.907646,0.999014,457,510,0,0,0,0.0
x86_64,result-ubuntu-24.04-N501-kv-bursty,fifo,501,bursty,kv,6,2.0,200,120,80,99286,49643.0,6.238888,6.207427,7.201369,7.790248,10.895663,0.999592,188,207,0,7107,0,0.0
x86_64,result-ubuntu-24.04-N501-kv-bursty,waiter,501,bursty,kv,6,2.0,200,120,80,244049,122024.5,0.186545,0.160109,0.333745,0.51491,4.940695,0.999016,461,514,0,0,0,0.0
x86_64,result-ubuntu-24.04-N501-kv-bursty,agemwis,501,bursty,kv,6,2.0,200,120,80,128422,64211.0,3.903474,3.692254,7.21035,9.257867,35.993966,0.991807,191,305,0,892,0,0.0
x86_64,result-ubuntu-24.04-N501-kv-bursty,gfgrr,501,bursty,kv,7,2.0,200,120,80,125579,62789.5,3.961882,3.726558,7.495394,9.263956,20.617466,0.989249,185,301,0,847,123542,15.937187
x86_64,result-ubuntu-24.04-N501-kv-bursty,dguard,501,bursty,kv,7,2.0,200,120,80,234231,117115.5,0.02761,0.00012,0.173119,0.374987,19.268217,0.997986,424,511,0,0,0,0.0
x86_64,result-ubuntu-24.04-N501-kv-bursty,fifo,501,bursty,kv,7,2.0,200,120,80,99106,49553.0,6.12913,6.05415,7.316852,8.816595,11.681632,0.999442,188,207,0,6907,0,0.0
x86_64,result-ubuntu-24.04-N501-kv-bursty,waiter,501,bursty,kv,7,2.0,200,120,80,232428,116214.0,0.225472,0.163927,0.456278,1.146717,19.452598,0.998043,422,508,0,0,0,0.0
x86_64,result-ubuntu-24.04-N501-kv-bursty,agemwis,501,bursty,kv,7,2.0,200,120,80,130085,65042.5,3.684558,3.517196,6.700473,8.177726,24.346962,0.992196,200,310,0,892,0,0.0
x86_64,result-ubuntu-24.04-N501-kv-bursty,gfgrr,501,bursty,kv,8,2.0,200,120,80,130455,65227.5,3.607415,3.388836,6.826547,8.535304,22.088756,0.990365,193,320,0,915,123717,16.638852
x86_64,result-ubuntu-24.04-N501-kv-bursty,dguard,501,bursty,kv,8,2.0,200,120,80,235683,117841.5,0.019147,0.00012,0.169806,0.338832,3.127027,0.99891,434,505,0,0,0,0.0
x86_64,result-ubuntu-24.04-N501-kv-bursty,fifo,501,bursty,kv,8,2.0,200,120,80,99264,49632.0,6.018289,5.959118,7.280843,7.821177,9.622121,0.999672,189,205,0,6983,0,0.0
x86_64,result-ubuntu-24.04-N501-kv-bursty,waiter,501,bursty,kv,8,2.0,200,120,80,236854,118427.0,0.182156,0.158476,0.324169,0.484781,2.723794,0.998898,437,507,0,0,0,0.0
x86_64,result-ubuntu-24.04-N501-kv-bursty,agemwis,501,bursty,kv,8,2.0,200,120,80,131093,65546.5,3.565996,3.39542,6.512016,8.115955,17.992575,0.992086,201,320,0,929,0,0.0
x86_64,result-ubuntu-24.04-N501-sleep-saturated,gfgrr,501,saturated,sleep,1,2.0,200,120,80,116925,58462.5,6.913837,6.477091,14.918117,20.13244,45.704873,0.977193,181,332,0,1078,124990,40.866993
x86_64,result-ubuntu-24.04-N501-sleep-saturated,dguard,501,saturated,sleep,1,2.0,200,120,80,86201,43100.5,6.992044,0.877531,39.463317,76.4232,289.885496,0.986484,118,228,0,0,0,0.0
x86_64,result-ubuntu-24.04-N501-sleep-saturated,fifo,501,saturated,sleep,1,2.0,200,120,80,2259,1129.5,415.598406,437.662088,457.063218,461.802335,464.81026,0.987857,4,5,0,7689,0,0.0
x86_64,result-ubuntu-24.04-N501-sleep-saturated,waiter,501,saturated,sleep,1,2.0,200,120,80,1166,583.0,282.04918,0.124013,1742.833363,2070.165485,2099.069279,0.11079,0,67,201,0,0,0.0
x86_64,result-ubuntu-24.04-N501-sleep-saturated,agemwis,501,saturated,sleep,1,2.0,200,120,80,121660,60830.0,6.360742,2.48662,4.411549,219.043765,337.33895,0.953589,161,405,0,941,0,0.0
x86_64,result-ubuntu-24.04-N501-sleep-saturated,gfgrr,501,saturated,sleep,2,2.0,200,120,80,124215,62107.5,6.410856,6.394332,12.822743,17.203465,40.564773,0.980878,190,340,0,1209,132926,37.081343
x86_64,result-ubuntu-24.04-N501-sleep-saturated,dguard,501,saturated,sleep,2,2.0,200,120,80,83082,41541.0,7.270653,0.000311,41.635773,82.231674,251.242043,0.885712,90,359,0,0,0,0.0
x86_64,result-ubuntu-24.04-N501-sleep-saturated,fifo,501,saturated,sleep,2,2.0,200,120,80,1338,669.0,645.730851,738.559783,744.543056,747.013455,748.131018,0.969962,2,3,0,8064,0,0.0
x86_64,result-ubuntu-24.04-N501-sleep-saturated,waiter,501,saturated,sleep,2,2.0,200,120,80,1190,595.0,189.667017,0.11446,1526.979371,1993.565538,2012.974677,0.05561,0,129,261,0,0,0.0
x86_64,result-ubuntu-24.04-N501-sleep-saturated,agemwis,501,saturated,sleep,2,2.0,200,120,80,121393,60696.5,6.51441,2.499127,4.458553,209.473802,303.360828,0.932753,158,411,0,949,0,0.0
x86_64,result-ubuntu-24.04-N501-sleep-saturated,gfgrr,501,saturated,sleep,3,2.0,200,120,80,122641,61320.5,6.528097,6.449291,13.297233,17.263035,43.895666,0.980012,190,336,0,1147,130313,39.311835
x86_64,result-ubuntu-24.04-N501-sleep-saturated,dguard,501,saturated,sleep,3,2.0,200,120,80,85329,42664.5,7.101117,0.713638,39.539277,75.068103,264.719438,0.97234,107,243,0,0,0,0.0
x86_64,result-ubuntu-24.04-N501-sleep-saturated,fifo,501,saturated,sleep,3,2.0,200,120,80,1240,620.0,685.873432,803.285134,824.096873,827.811352,831.408827,0.960883,2,3,0,8228,0,0.0
x86_64,result-ubuntu-24.04-N501-sleep-saturated,waiter,501,saturated,sleep,3,2.0,200,120,80,1185,592.5,351.803818,0.123433,1850.570684,2016.856739,2069.30966,0.124201,0,65,194,0,0,0.0
x86_64,result-ubuntu-24.04-N501-sleep-saturated,agemwis,501,saturated,sleep,3,2.0,200,120,80,123597,61798.5,6.259717,2.394711,4.389387,209.197992,455.629302,0.94932,146,435,0,971,0,0.0
x86_64,result-ubuntu-24.04-N501-sleep-saturated,gfgrr,501,saturated,sleep,4,2.0,200,120,80,118589,59294.5,6.814004,6.786924,13.537283,17.581369,38.342148,0.977183,178,329,0,1051,126096,35.516107
x86_64,result-ubuntu-24.04-N501-sleep-saturated,dguard,501,saturated,sleep,4,2.0,200,120,80,83079,41539.5,7.278036,0.742992,41.721388,81.301916,265.880756,0.969563,105,278,0,0,0,0.0
x86_64,result-ubuntu-24.04-N501-sleep-saturated,fifo,501,saturated,sleep,4,2.0,200,120,80,2311,1155.5,405.314515,427.733676,447.996818,449.45041,452.00754,0.988971,4,5,0,7609,0,0.0
x86_64,result-ubuntu-24.04-N501-sleep-saturated,waiter,501,saturated,sleep,4,2.0,200,120,80,1215,607.5,251.026541,0.120689,1636.802497,2081.735743,2103.627518,0.089569,0,107,173,0,0,0.0
x86_64,result-ubuntu-24.04-N501-sleep-saturated,agemwis,501,saturated,sleep,4,2.0,200,120,80,121929,60964.5,6.584407,2.487248,4.411143,216.66505,326.866527,0.962292,189,367,0,936,0,0.0
x86_64,result-ubuntu-24.04-N501-sleep-saturated,gfgrr,501,saturated,sleep,5,2.0,200,120,80,120792,60396.0,6.639898,6.570829,13.374136,17.667626,41.793182,0.979287,182,328,0,1154,129620,38.911024
x86_64,result-ubuntu-24.04-N501-sleep-saturated,dguard,501,saturated,sleep,5,2.0,200,120,80,85741,42870.5,6.998796,0.860596,39.960505,80.267233,249.363032,0.985954,118,236,0,0,0,0.0
x86_64,result-ubuntu-24.04-N501-sleep-saturated,fifo,501,saturated,sleep,5,2.0,200,120,80,2321,1160.5,405.705021,427.828326,456.664335,459.98352,462.22833,0.989289,4,5,0,7681,0,0.0
x86_64,result-ubuntu-24.04-N501-sleep-saturated,waiter,501,saturated,sleep,5,2.0,200,120,80,1197,598.5,296.264021,0.123934,1679.427366,2035.882318,2113.208506,0.107285,0,83,171,0,0,0.0
x86_64,result-ubuntu-24.04-N501-sleep-saturated,agemwis,501,saturated,sleep,5,2.0,200,120,80,119555,59777.5,6.608111,2.509481,4.710393,220.910158,437.700774,0.964758,182,349,0,909,0,0.0
x86_64,result-ubuntu-24.04-N501-sleep-saturated,gfgrr,501,saturated,sleep,6,2.0,200,120,80,116639,58319.5,6.927447,6.914772,13.673158,17.990489,42.412793,0.977552,173,322,0,1043,124698,38.51208
x86_64,result-ubuntu-24.04-N501-sleep-saturated,dguard,501,saturated,sleep,6,2.0,200,120,80,80104,40052.0,7.608054,0.371671,42.865404,83.449089,332.441931,0.927457,86,321,0,0,0,0.0
x86_64,result-ubuntu-24.04-N501-sleep-saturated,fifo,501,saturated,sleep,6,2.0,200,120,80,5156,2578.0,191.796992,194.965729,202.466278,204.035085,205.492889,0.998054,10,11,0,8155,0,0.0
x86_64,result-ubuntu-24.04-N501-sleep-saturated,waiter,501,saturated,sleep,6,2.0,200,120,80,1187,593.5,212.560242,0.115391,1841.226882,1994.910397,2115.600059,0.086445,0,82,305,0,0,0.0
x86_64,result-ubuntu-24.04-N501-sleep-saturated,agemwis,501,saturated,sleep,6,2.0,200,120,80,122866,61433.0,6.441133,2.436578,4.380583,199.734019,267.014132,0.956708,161,379,0,947,0,0.0
x86_64,result-ubuntu-24.04-N501-sleep-saturated,gfgrr,501,saturated,sleep,7,2.0,200,120,80,124351,62175.5,6.406395,6.402492,12.722012,17.08764,38.695302,0.980129,193,336,0,1169,132668,35.962835
x86_64,result-ubuntu-24.04-N501-sleep-saturated,dguard,501,saturated,sleep,7,2.0,200,120,80,87317,43658.5,6.921764,0.758735,38.587856,74.897885,250.150494,0.9771,118,244,0,0,0,0.0
x86_64,result-ubuntu-24.04-N501-sleep-saturated,fifo,501,saturated,sleep,7,2.0,200,120,80,1230,615.0,694.39556,788.438295,817.753316,820.906414,822.48918,0.960484,2,3,0,8151,0,0.0
x86_64,result-ubuntu-24.04-N501-sleep-saturated,waiter,501,saturated,sleep,7,2.0,200,120,80,1184,592.0,303.86255,0.124274,1753.665486,1922.95569,2114.504807,0.140566,0,64,175,0,0,0.0
x86_64,result-ubuntu-24.04-N501-sleep-saturated,agemwis,501,saturated,sleep,7,2.0,200,120,80,120688,60344.0,6.635563,2.532069,4.589092,192.016612,393.927237,0.958217,157,388,0,935,0,0.0
x86_64,result-ubuntu-24.04-N501-sleep-saturated,gfgrr,501,saturated,sleep,8,2.0,200,120,80,124467,62233.5,6.385301,6.323135,12.783037,16.955639,47.728233,0.981227,196,331,0,1191,132668,40.689337
x86_64,result-ubuntu-24.04-N501-sleep-saturated,dguard,501,saturated,sleep,8,2.0,200,120,80,87260,43630.0,6.922969,0.888662,38.376852,74.656658,261.255034,0.989935,124,224,0,0,0,0.0
x86_64,result-ubuntu-24.04-N501-sleep-saturated,fifo,501,saturated,sleep,8,2.0,200,120,80,2470,1235.0,385.36208,403.152517,420.781955,422.578649,425.784626,0.997334,4,5,0,7647,0,0.0
x86_64,result-ubuntu-24.04-N501-sleep-saturated,waiter,501,saturated,sleep,8,2.0,200,120,80,1173,586.5,230.320285,0.118035,1672.184182,2013.945271,2089.132168,0.112193,0,74,266,0,0,0.0
x86_64,result-ubuntu-24.04-N501-sleep-saturated,agemwis,501,saturated,sleep,8,2.0,200,120,80,123363,61681.5,6.384693,2.442722,4.448846,171.290411,338.988739,0.950574,160,358,0,973,0,0.0
arm64,result-ubuntu-24.04-arm-N501-sleep-bursty,gfgrr,501,bursty,sleep,1,2.0,200,120,80,152836,76418.0,0.973327,0.524088,2.946169,4.117634,9.657279,0.998959,280,329,0,12925,131215,9.385682
arm64,result-ubuntu-24.04-arm-N501-sleep-bursty,dguard,501,bursty,sleep,1,2.0,200,120,80,149222,74611.0,0.864105,0.34528,2.961064,4.939882,66.175787,0.998786,272,319,0,0,0,0.0
arm64,result-ubuntu-24.04-arm-N501-sleep-bursty,fifo,501,bursty,sleep,1,2.0,200,120,80,18987,9493.5,47.188386,46.629725,56.302447,59.674339,62.553649,0.999803,37,39,0,15644,0,0.0
arm64,result-ubuntu-24.04-arm-N501-sleep-bursty,waiter,501,bursty,sleep,1,2.0,200,120,80,154193,77096.5,0.917304,0.395965,3.234257,5.083356,14.987048,0.998924,276,330,0,0,0,0.0
arm64,result-ubuntu-24.04-arm-N501-sleep-bursty,agemwis,501,bursty,sleep,1,2.0,200,120,80,153586,76793.0,0.942027,0.463089,2.885277,4.060941,9.771455,0.998978,282,328,0,13350,0,0.0
arm64,result-ubuntu-24.04-arm-N501-sleep-bursty,gfgrr,501,bursty,sleep,2,2.0,200,120,80,154124,77062.0,0.955123,0.493991,2.900411,4.067619,10.109589,0.999207,285,327,0,13196,132457,9.776156
arm64,result-ubuntu-24.04-arm-N501-sleep-bursty,dguard,501,bursty,sleep,2,2.0,200,120,80,150770,75385.0,0.856661,0.340109,2.923582,4.955744,60.014813,0.998995,273,321,0,0,0,0.0
arm64,result-ubuntu-24.04-arm-N501-sleep-bursty,fifo,501,bursty,sleep,2,2.0,200,120,80,19823,9911.5,45.066601,44.885087,52.929259,56.857714,60.050091,0.999797,38,41,0,15561,0,0.0
arm64,result-ubuntu-24.04-arm-N501-sleep-bursty,waiter,501,bursty,sleep,2,2.0,200,120,80,155219,77609.5,0.910609,0.394574,3.186232,4.994395,13.360229,0.999214,287,328,0,0,0,0.0
arm64,result-ubuntu-24.04-arm-N501-sleep-bursty,agemwis,501,bursty,sleep,2,2.0,200,120,80,154547,77273.5,0.936717,0.462186,2.881508,4.06564,10.133082,0.999205,284,326,0,13539,0,0.0
arm64,result-ubuntu-24.04-arm-N501-sleep-bursty,gfgrr,501,bursty,sleep,3,2.0,200,120,80,152950,76475.0,0.968876,0.510574,2.934424,4.112084,9.342101,0.999155,280,326,0,13226,130918,9.174305
arm64,result-ubuntu-24.04-arm-N501-sleep-bursty,dguard,501,bursty,sleep,3,2.0,200,120,80,148876,74438.0,0.883019,0.354317,2.994557,5.07413,95.729751,0.99893,266,327,0,0,0,0.0
arm64,result-ubuntu-24.04-arm-N501-sleep-bursty,fifo,501,bursty,sleep,3,2.0,200,120,80,19125,9562.5,46.792376,47.279579,53.234355,55.331416,57.587957,0.999781,37,40,0,15580,0,0.0
arm64,result-ubuntu-24.04-arm-N501-sleep-bursty,waiter,501,bursty,sleep,3,2.0,200,120,80,154374,77187.0,0.912938,0.391022,3.192976,5.040092,12.490181,0.999095,281,328,0,0,0,0.0
arm64,result-ubuntu-24.04-arm-N501-sleep-bursty,agemwis,501,bursty,sleep,3,2.0,200,120,80,153930,76965.0,0.931576,0.445375,2.877533,4.085735,9.336931,0.99916,280,329,0,13784,0,0.0
arm64,result-ubuntu-24.04-arm-N501-sleep-bursty,gfgrr,501,bursty,sleep,4,2.0,200,120,80,155942,77971.0,0.949907,0.489772,2.886115,4.070852,10.165526,0.999736,298,327,0,13462,133645,10.001544
arm64,result-ubuntu-24.04-arm-N501-sleep-bursty,dguard,501,bursty,sleep,4,2.0,200,120,80,152345,76172.5,0.851436,0.365848,2.917731,4.655481,69.759551,0.999544,284,326,0,0,0,0.0
arm64,result-ubuntu-24.04-arm-N501-sleep-bursty,fifo,501,bursty,sleep,4,2.0,200,120,80,20388,10194.0,43.865607,43.249047,54.7805,58.791715,62.422334,0.999795,39,42,0,15621,0,0.0
arm64,result-ubuntu-24.04-arm-N501-sleep-bursty,waiter,501,bursty,sleep,4,2.0,200,120,80,156764,78382.0,0.91569,0.405649,3.2045,5.09509,13.63503,0.999684,300,331,0,0,0,0.0
arm64,result-ubuntu-24.04-arm-N501-sleep-bursty,agemwis,501,bursty,sleep,4,2.0,200,120,80,156396,78198.0,0.932992,0.452362,2.863438,4.042333,9.840989,0.999737,299,328,0,13587,0,0.0
arm64,result-ubuntu-24.04-arm-N501-sleep-bursty,gfgrr,501,bursty,sleep,5,2.0,200,120,80,154112,77056.0,0.967408,0.503086,2.940989,4.108888,12.303793,0.99952,290,324,0,13421,132371,11.847096
arm64,result-ubuntu-24.04-arm-N501-sleep-bursty,dguard,501,bursty,sleep,5,2.0,200,120,80,153659,76829.5,0.78652,0.354929,2.789251,4.097018,25.498736,0.999504,286,322,0,0,0,0.0
arm64,result-ubuntu-24.04-arm-N501-sleep-bursty,fifo,501,bursty,sleep,5,2.0,200,120,80,19610,9805.0,45.290533,44.97757,53.95291,56.344653,58.665684,0.999775,38,41,0,15593,0,0.0
arm64,result-ubuntu-24.04-arm-N501-sleep-bursty,waiter,501,bursty,sleep,5,2.0,200,120,80,154332,77166.0,0.954301,0.440607,3.345935,5.260362,14.023161,0.99948,285,324,0,0,0,0.0
arm64,result-ubuntu-24.04-arm-N501-sleep-bursty,agemwis,501,bursty,sleep,5,2.0,200,120,80,154495,77247.5,0.951791,0.474536,2.913518,4.081048,8.714382,0.999504,290,326,0,13639,0,0.0
arm64,result-ubuntu-24.04-arm-N501-sleep-bursty,gfgrr,501,bursty,sleep,6,2.0,200,120,80,154584,77292.0,0.978651,0.532112,2.94168,4.117968,10.956895,0.999049,285,337,0,12898,133122,10.581496
arm64,result-ubuntu-24.04-arm-N501-sleep-bursty,dguard,501,bursty,sleep,6,2.0,200,120,80,151623,75811.5,0.860699,0.376215,2.945536,4.797111,55.224454,0.998965,277,329,0,0,0,0.0
arm64,result-ubuntu-24.04-arm-N501-sleep-bursty,fifo,501,bursty,sleep,6,2.0,200,120,80,18791,9395.5,47.9543,47.438114,56.909755,62.34343,65.328163,0.999777,36,39,0,15371,0,0.0
arm64,result-ubuntu-24.04-arm-N501-sleep-bursty,waiter,501,bursty,sleep,6,2.0,200,120,80,155691,77845.5,0.934055,0.42058,3.283737,5.153108,12.825411,0.999104,289,346,0,0,0,0.0
arm64,result-ubuntu-24.04-arm-N501-sleep-bursty,agemwis,501,bursty,sleep,6,2.0,200,120,80,155600,77800.0,0.936746,0.460062,2.882313,4.064742,9.439124,0.99908,289,340,0,13959,0,0.0
arm64,result-ubuntu-24.04-arm-N501-sleep-bursty,gfgrr,501,bursty,sleep,7,2.0,200,120,80,153985,76992.5,0.952643,0.486232,2.895557,4.0695,9.266231,0.99926,281,330,0,13718,131972,9.041806
arm64,result-ubuntu-24.04-arm-N501-sleep-bursty,dguard,501,bursty,sleep,7,2.0,200,120,80,148422,74211.0,0.918467,0.368183,2.993047,5.206593,84.657448,0.998619,260,322,0,0,0,0.0
arm64,result-ubuntu-24.04-arm-N501-sleep-bursty,fifo,501,bursty,sleep,7,2.0,200,120,80,20318,10159.0,43.78414,43.910495,50.328672,52.769878,54.579481,0.999818,39,42,0,15716,0,0.0
arm64,result-ubuntu-24.04-arm-N501-sleep-bursty,waiter,501,bursty,sleep,7,2.0,200,120,80,154645,77322.5,0.922877,0.408965,3.232923,5.079474,11.323238,0.99927,281,329,0,0,0,0.0
arm64,result-ubuntu-24.04-arm-N501-sleep-bursty,agemwis,501,bursty,sleep,7,2.0,200,120,80,154387,77193.5,0.933543,0.450713,2.886392,4.045418,10.349887,0.999256,280,330,0,14190,0,0.0
arm64,result-ubuntu-24.04-arm-N501-sleep-bursty,gfgrr,501,bursty,sleep,8,2.0,200,120,80,153455,76727.5,0.942877,0.472215,2.890555,4.019619,11.384951,0.999048,280,325,0,13910,131188,11.227626
arm64,result-ubuntu-24.04-arm-N501-sleep-bursty,dguard,501,bursty,sleep,8,2.0,200,120,80,150686,75343.0,0.831803,0.332585,2.833289,4.416401,77.151754,0.998678,262,325,0,0,0,0.0
arm64,result-ubuntu-24.04-arm-N501-sleep-bursty,fifo,501,bursty,sleep,8,2.0,200,120,80,19135,9567.5,46.597767,46.149174,53.747521,56.506918,59.255564,0.999778,37,40,0,15593,0,0.0
arm64,result-ubuntu-24.04-arm-N501-sleep-bursty,waiter,501,bursty,sleep,8,2.0,200,120,80,153889,76944.5,0.922157,0.393982,3.243004,5.053696,14.221912,0.998985,280,329,0,0,0,0.0
arm64,result-ubuntu-24.04-arm-N501-sleep-bursty,agemwis,501,bursty,sleep,8,2.0,200,120,80,153806,76903.0,0.931272,0.446238,2.882242,4.019017,9.100817,0.999078,283,328,0,13916,0,0.0
